month,rate,value,stated_in,kind,base,revised,url,sha256
2013-06,mom,0.72,2013-06,press_release,2007-08,0,https://www.pbs.gov.pk/sites/default/files/press_releases/2013/cpi_press_release_june_2013.pdf,039f4fdfe8909e3f9a4087244842c3818774232ef8fd127453d8aab604420f2c
2013-06,yoy,5.85,2013-06,press_release,2007-08,0,https://www.pbs.gov.pk/sites/default/files/press_releases/2013/cpi_press_release_june_2013.pdf,039f4fdfe8909e3f9a4087244842c3818774232ef8fd127453d8aab604420f2c
2013-03,mom,0.41,2013-03,press_release,2007-08,0,https://www.pbs.gov.pk/sites/default/files/press_releases/2013/cpi_press_release_march_2013.pdf,06a232888e9e3e0ee0cc519efef9f9e32521726cd30c0734df22314a7867bdbc
2013-03,yoy,6.57,2013-03,press_release,2007-08,0,https://www.pbs.gov.pk/sites/default/files/press_releases/2013/cpi_press_release_march_2013.pdf,06a232888e9e3e0ee0cc519efef9f9e32521726cd30c0734df22314a7867bdbc
2014-07,mom,1.7,2014-07,press_release,2007-08,0,https://www.pbs.gov.pk/sites/default/files/press_releases/2014/INFLATION%20RATE%20FOR%20THE%20MONTH%20OF%20JULY%2C%202014.pdf,b3ed0031b159a87d1d09867d89d5f9016b3de71db52b4e487b1518ee4368a33d
2014-07,yoy,7.88,2014-07,press_release,2007-08,0,https://www.pbs.gov.pk/sites/default/files/press_releases/2014/INFLATION%20RATE%20FOR%20THE%20MONTH%20OF%20JULY%2C%202014.pdf,b3ed0031b159a87d1d09867d89d5f9016b3de71db52b4e487b1518ee4368a33d
2015-01,mom,0.08,2015-01,press_release,2007-08,0,https://www.pbs.gov.pk/sites/default/files/press_releases/2015/cpi_press_release_january_2015.pdf,b5c5f16eb88a9ea99831c5804801bf0b4eec708a5fd57f01d30b1ed3ffb6d011
2015-01,yoy,3.88,2015-01,press_release,2007-08,0,https://www.pbs.gov.pk/sites/default/files/press_releases/2015/cpi_press_release_january_2015.pdf,b5c5f16eb88a9ea99831c5804801bf0b4eec708a5fd57f01d30b1ed3ffb6d011
2014-12,mom,-1.01,2014-12,press_release,2007-08,0,https://www.pbs.gov.pk/sites/default/files/press_releases/2015/press_release_inflation_rate_dec_14.pdf,e6f8675e4a11cff1a35485673efa1c0f8ba7eb6b19ead30c368759d9ac902269
2014-12,yoy,4.3,2014-12,press_release,2007-08,0,https://www.pbs.gov.pk/sites/default/files/press_releases/2015/press_release_inflation_rate_dec_14.pdf,e6f8675e4a11cff1a35485673efa1c0f8ba7eb6b19ead30c368759d9ac902269
2017-01,mom,0.18,2017-01,press_release,2007-08,0,https://www.pbs.gov.pk/sites/default/files/press_releases/2017/cpi_press_release_january17.pdf,181ea59e8c8bd4cd681a373e835e6a419085c1d283bf0615babe4716b2db05c8
2017-01,yoy,3.66,2017-01,press_release,2007-08,0,https://www.pbs.gov.pk/sites/default/files/press_releases/2017/cpi_press_release_january17.pdf,181ea59e8c8bd4cd681a373e835e6a419085c1d283bf0615babe4716b2db05c8
2018-04,mom,1.82,2018-04,press_release,2007-08,0,https://www.pbs.gov.pk/sites/default/files/press_releases/2018/cpi_press_release_april_2018.pdf,3763d74054f1d130582ae84685ed337b275c967682e185ab2f7ef08f71a6e9ca
2018-04,yoy,3.68,2018-04,press_release,2007-08,0,https://www.pbs.gov.pk/sites/default/files/press_releases/2018/cpi_press_release_april_2018.pdf,3763d74054f1d130582ae84685ed337b275c967682e185ab2f7ef08f71a6e9ca
2018-02,mom,-0.31,2018-02,press_release,2007-08,0,https://www.pbs.gov.pk/sites/default/files/press_releases/2018/cpi_press_release_february_2018.pdf,12d9b5137970a1d25eee73d726e83ddc613573449d7f5262dc3a170f0f223597
2018-02,yoy,3.8,2018-02,press_release,2007-08,0,https://www.pbs.gov.pk/sites/default/files/press_releases/2018/cpi_press_release_february_2018.pdf,12d9b5137970a1d25eee73d726e83ddc613573449d7f5262dc3a170f0f223597
2018-03,mom,0.31,2018-03,press_release,2007-08,0,https://www.pbs.gov.pk/sites/default/files/press_releases/2018/cpi_press_release_february_2018_0.pdf,cddc7bec6d36294389a185c04f2820bbc81c5c0c461f8aed8528f4345ba32f20
2018-03,yoy,3.25,2018-03,press_release,2007-08,0,https://www.pbs.gov.pk/sites/default/files/press_releases/2018/cpi_press_release_february_2018_0.pdf,cddc7bec6d36294389a185c04f2820bbc81c5c0c461f8aed8528f4345ba32f20
2018-06,mom,0.57,2018-06,press_release,2007-08,0,https://www.pbs.gov.pk/sites/default/files/press_releases/2018/cpi_press_release_june_2018.pdf,554674f21980d0fd9240c954fa8b59967a0cc861c2268de12a105737a166ef46
2018-06,yoy,5.21,2018-06,press_release,2007-08,0,https://www.pbs.gov.pk/sites/default/files/press_releases/2018/cpi_press_release_june_2018.pdf,554674f21980d0fd9240c954fa8b59967a0cc861c2268de12a105737a166ef46
2018-05,mom,0.51,2018-05,press_release,2007-08,0,https://www.pbs.gov.pk/sites/default/files/press_releases/2018/cpi_press_release_may18.pdf,19b130e0575542c2fa6bec4b5b1a0033ab5fef0a478163acde9f792177c37d97
2018-05,yoy,4.19,2018-05,press_release,2007-08,0,https://www.pbs.gov.pk/sites/default/files/press_releases/2018/cpi_press_release_may18.pdf,19b130e0575542c2fa6bec4b5b1a0033ab5fef0a478163acde9f792177c37d97
2019-10,mom,1.82,2019-10,press_release,2015-16,0,https://www.pbs.gov.pk/sites/default/files/press_releases/2019/cpi_presess_release_october_2019.pdf,dc0624e7f06532e79e88f4d64689a733353cb6fb6ba3ac6b8cac7dca39df919a
2019-10,yoy,11.04,2019-10,press_release,2015-16,0,https://www.pbs.gov.pk/sites/default/files/press_releases/2019/cpi_presess_release_october_2019.pdf,dc0624e7f06532e79e88f4d64689a733353cb6fb6ba3ac6b8cac7dca39df919a
2019-01,mom,1.0,2019-01,press_release,2007-08,0,https://www.pbs.gov.pk/sites/default/files/press_releases/2019/cpi_press_release_january_2019.pdf,5102722237628c37d0d83c1cdf75d710bd90ce68176336655be6b75f91878c99
2019-01,yoy,7.19,2019-01,press_release,2007-08,0,https://www.pbs.gov.pk/sites/default/files/press_releases/2019/cpi_press_release_january_2019.pdf,5102722237628c37d0d83c1cdf75d710bd90ce68176336655be6b75f91878c99
2019-09,mom,0.77,2019-09,press_release,2015-16,0,https://www.pbs.gov.pk/sites/default/files/press_releases/2019/cpi_press_release_september_2019.pdf,d8ac47bade44c496b03681daa191190332143749fab0dd2fa0f9451656724dec
2019-09,yoy,11.37,2019-09,press_release,2015-16,0,https://www.pbs.gov.pk/sites/default/files/press_releases/2019/cpi_press_release_september_2019.pdf,d8ac47bade44c496b03681daa191190332143749fab0dd2fa0f9451656724dec
2019-08,mom,1.64,2019-08,press_release,2015-16,0,https://www.pbs.gov.pk/sites/default/files/press_releases/2019/press_release_cpi_august_2019.pdf,2a2361d0e8cfe72e54eb58fdcf33671ed708d94b261b1e8bf64cd8908061e1b2
2019-08,yoy,10.49,2019-08,press_release,2015-16,0,https://www.pbs.gov.pk/sites/default/files/press_releases/2019/press_release_cpi_august_2019.pdf,2a2361d0e8cfe72e54eb58fdcf33671ed708d94b261b1e8bf64cd8908061e1b2
2020-02,mom,-1.04,2020-02,press_release,2015-16,0,https://www.pbs.gov.pk/sites/default/files/press_releases/2020/cpi_press_release_february_2020.pdf,aab1b007fa77771b891c3d6f7a1ceb18460acff61507f74d3a4b25b963992df4
2020-02,yoy,12.4,2020-02,press_release,2015-16,0,https://www.pbs.gov.pk/sites/default/files/press_releases/2020/cpi_press_release_february_2020.pdf,aab1b007fa77771b891c3d6f7a1ceb18460acff61507f74d3a4b25b963992df4
2020-10,mom,1.7,2020-10,press_release,2015-16,0,https://www.pbs.gov.pk/sites/default/files/press_releases/2020/cpi_press_release_october_2020.pdf,f0fc1a3b8e8db079df66dccc9d3debfb8786fa9404dd50046be6eae3ff501023
2020-10,yoy,8.91,2020-10,press_release,2015-16,0,https://www.pbs.gov.pk/sites/default/files/press_releases/2020/cpi_press_release_october_2020.pdf,f0fc1a3b8e8db079df66dccc9d3debfb8786fa9404dd50046be6eae3ff501023
2020-09,mom,1.54,2020-09,press_release,2015-16,0,https://www.pbs.gov.pk/sites/default/files/press_releases/2020/cpi_press_release_september_2020.pdf,36350a3784a3caca00320a011acb4d5f8386837607a20b6b0ee82c9302203306
2020-09,yoy,9.04,2020-09,press_release,2015-16,0,https://www.pbs.gov.pk/sites/default/files/press_releases/2020/cpi_press_release_september_2020.pdf,36350a3784a3caca00320a011acb4d5f8386837607a20b6b0ee82c9302203306
2020-12,mom,-0.68,2020-12,press_release,2015-16,0,https://www.pbs.gov.pk/sites/default/files/press_releases/2021/cpi_press_release_dec_2020.pdf,e0ec11a3abdccb36ff5fbd4488c62948b19fa7584344968cb72e5358040e3fab
2020-12,yoy,7.97,2020-12,press_release,2015-16,0,https://www.pbs.gov.pk/sites/default/files/press_releases/2021/cpi_press_release_dec_2020.pdf,e0ec11a3abdccb36ff5fbd4488c62948b19fa7584344968cb72e5358040e3fab
2021-02,mom,1.8,2021-02,press_release,2015-16,0,https://www.pbs.gov.pk/sites/default/files/press_releases/2021/cpi_press_release_february_2021.pdf,19c61122920d73fe17c6df7e99b4e413717960f00945b094073d254698892efd
2021-02,yoy,8.7,2021-02,press_release,2015-16,0,https://www.pbs.gov.pk/sites/default/files/press_releases/2021/cpi_press_release_february_2021.pdf,19c61122920d73fe17c6df7e99b4e413717960f00945b094073d254698892efd
2021-01,mom,-0.21,2021-01,press_release,2015-16,0,https://www.pbs.gov.pk/sites/default/files/press_releases/2021/cpi_press_release_january_2021.pdf,a2991b3eeda1595ec5528fa20b2a324953fe32e3d7f00c17b82900200c8e4b1e
2021-01,yoy,5.65,2021-01,press_release,2015-16,0,https://www.pbs.gov.pk/sites/default/files/press_releases/2021/cpi_press_release_january_2021.pdf,a2991b3eeda1595ec5528fa20b2a324953fe32e3d7f00c17b82900200c8e4b1e
2021-07,mom,1.34,2021-07,press_release,2015-16,0,https://www.pbs.gov.pk/sites/default/files/press_releases/2021/cpi_press_release_july2021.pdf,981c3f532a76cbdb195024e6feb790d0ac86a618e9d9f3ff7e90b475afe52c59
2021-07,yoy,8.4,2021-07,press_release,2015-16,0,https://www.pbs.gov.pk/sites/default/files/press_releases/2021/cpi_press_release_july2021.pdf,981c3f532a76cbdb195024e6feb790d0ac86a618e9d9f3ff7e90b475afe52c59
2021-07,mom,1.34,2021-07,press_release,2015-16,0,https://www.pbs.gov.pk/sites/default/files/press_releases/2021/cpi_press_release_july_2021.pdf,981c3f532a76cbdb195024e6feb790d0ac86a618e9d9f3ff7e90b475afe52c59
2021-07,yoy,8.4,2021-07,press_release,2015-16,0,https://www.pbs.gov.pk/sites/default/files/press_releases/2021/cpi_press_release_july_2021.pdf,981c3f532a76cbdb195024e6feb790d0ac86a618e9d9f3ff7e90b475afe52c59
2021-06,mom,-0.24,2021-06,press_release,2015-16,0,https://www.pbs.gov.pk/sites/default/files/press_releases/2021/cpi_press_release_june_2021.pdf,17529a55a865b8c2be9edda955bea7306eba295eda0edea3c6e932a62794dd2f
2021-06,yoy,9.7,2021-06,press_release,2015-16,0,https://www.pbs.gov.pk/sites/default/files/press_releases/2021/cpi_press_release_june_2021.pdf,17529a55a865b8c2be9edda955bea7306eba295eda0edea3c6e932a62794dd2f
2021-03,mom,0.36,2021-03,press_release,2015-16,0,https://www.pbs.gov.pk/sites/default/files/press_releases/2021/cpi_press_release_march_2021.pdf,96a0596bc74933ef8f8239845cf343bf00e357c625bf072cf2a3fa84a378454d
2021-03,yoy,9.05,2021-03,press_release,2015-16,0,https://www.pbs.gov.pk/sites/default/files/press_releases/2021/cpi_press_release_march_2021.pdf,96a0596bc74933ef8f8239845cf343bf00e357c625bf072cf2a3fa84a378454d
2021-05,mom,0.1,2021-05,press_release,2015-16,0,https://www.pbs.gov.pk/sites/default/files/press_releases/2021/cpi_press_release_may_2021.pdf,0201b4198a6db0e1e3351b93f0693fea211846684ea620b11e39675805fa10f5
2021-05,yoy,10.87,2021-05,press_release,2015-16,0,https://www.pbs.gov.pk/sites/default/files/press_releases/2021/cpi_press_release_may_2021.pdf,0201b4198a6db0e1e3351b93f0693fea211846684ea620b11e39675805fa10f5
2021-11,mom,2.98,2021-11,press_release,2015-16,0,https://www.pbs.gov.pk/sites/default/files/press_releases/2021/cpi_press_release_november_2021.pdf,2ed0c2be8e0f321ab5dfa1cb68aa7da1787c042d6ea5c9501e09bca649fd62ec
2021-11,yoy,11.53,2021-11,press_release,2015-16,0,https://www.pbs.gov.pk/sites/default/files/press_releases/2021/cpi_press_release_november_2021.pdf,2ed0c2be8e0f321ab5dfa1cb68aa7da1787c042d6ea5c9501e09bca649fd62ec
2021-09,mom,2.12,2021-09,press_release,2015-16,0,https://www.pbs.gov.pk/sites/default/files/press_releases/2021/cpi_press_release_sep_2021.pdf,19245fbd7e4143888b501aa38ebbe077fc5ebdf5e469688e908646f846cb0c05
2021-09,yoy,8.98,2021-09,press_release,2015-16,0,https://www.pbs.gov.pk/sites/default/files/press_releases/2021/cpi_press_release_sep_2021.pdf,19245fbd7e4143888b501aa38ebbe077fc5ebdf5e469688e908646f846cb0c05
2022-04,mom,1.61,2022-04,press_release,2015-16,0,https://www.pbs.gov.pk/sites/default/files/press_releases/2022/CPI_Press_Release_April_2022.pdf,538acad6e8e544785932094a3fc6f11070c91920f838867351260765fbc5e858
2022-04,yoy,13.37,2022-04,press_release,2015-16,0,https://www.pbs.gov.pk/sites/default/files/press_releases/2022/CPI_Press_Release_April_2022.pdf,538acad6e8e544785932094a3fc6f11070c91920f838867351260765fbc5e858
2022-08,mom,2.45,2022-08,press_release,2015-16,0,https://www.pbs.gov.pk/sites/default/files/press_releases/2022/CPI_Press_Release_August_2022.pdf,dfb1b2fa03db9ed4ff70cb05fc4b427839918c52135b98c62040337b206a4485
2022-08,yoy,27.26,2022-08,press_release,2015-16,0,https://www.pbs.gov.pk/sites/default/files/press_releases/2022/CPI_Press_Release_August_2022.pdf,dfb1b2fa03db9ed4ff70cb05fc4b427839918c52135b98c62040337b206a4485
2022-12,mom,0.5,2022-12,press_release,2015-16,0,https://www.pbs.gov.pk/sites/default/files/press_releases/2022/CPI_Press_Release_December_2022.pdf,0b01463e197956698a42604d9f64b12efdb3eb31770cb94f76706e828774276b
2022-12,yoy,24.5,2022-12,press_release,2015-16,0,https://www.pbs.gov.pk/sites/default/files/press_releases/2022/CPI_Press_Release_December_2022.pdf,0b01463e197956698a42604d9f64b12efdb3eb31770cb94f76706e828774276b
2022-07,mom,4.35,2022-07,press_release,2015-16,0,https://www.pbs.gov.pk/sites/default/files/press_releases/2022/CPI_Press_Release_July_2022.pdf,8a71b99d3c0cac3b27d0e0e13199859c2d83474ce054e886d019869a539e1d53
2022-07,yoy,24.93,2022-07,press_release,2015-16,0,https://www.pbs.gov.pk/sites/default/files/press_releases/2022/CPI_Press_Release_July_2022.pdf,8a71b99d3c0cac3b27d0e0e13199859c2d83474ce054e886d019869a539e1d53
2022-06,mom,6.34,2022-06,press_release,2015-16,0,https://www.pbs.gov.pk/sites/default/files/press_releases/2022/CPI_Press_Release_June_2022.pdf.pdf,634d4ad4d487062daaf050d132b7cef00f78b94afbb846d98204fc00bbbfc8ea
2022-06,yoy,21.32,2022-06,press_release,2015-16,0,https://www.pbs.gov.pk/sites/default/files/press_releases/2022/CPI_Press_Release_June_2022.pdf.pdf,634d4ad4d487062daaf050d132b7cef00f78b94afbb846d98204fc00bbbfc8ea
2022-05,mom,0.44,2022-05,press_release,2015-16,0,https://www.pbs.gov.pk/sites/default/files/press_releases/2022/CPI_Press_Release_May_2022.pdf,cfb1c2c17d77b59191db3b278d9f5c91d92040d283b9f9bf9086015c7aed0394
2022-05,yoy,13.76,2022-05,press_release,2015-16,0,https://www.pbs.gov.pk/sites/default/files/press_releases/2022/CPI_Press_Release_May_2022.pdf,cfb1c2c17d77b59191db3b278d9f5c91d92040d283b9f9bf9086015c7aed0394
2022-11,mom,0.76,2022-11,press_release,2015-16,0,https://www.pbs.gov.pk/sites/default/files/press_releases/2022/CPI_Press_Release_November_2022.pdf,8e620aff0a5a5705483eb58981fa34e508763bf0eb0a8e3ef69d8b93cd9070e9
2022-11,yoy,23.84,2022-11,press_release,2015-16,0,https://www.pbs.gov.pk/sites/default/files/press_releases/2022/CPI_Press_Release_November_2022.pdf,8e620aff0a5a5705483eb58981fa34e508763bf0eb0a8e3ef69d8b93cd9070e9
2022-10,mom,4.71,2022-10,press_release,2015-16,0,https://www.pbs.gov.pk/sites/default/files/press_releases/2022/CPI_Press_Release_October_2022.pdf,9326a14e868789813125429a9bfa580705c596103b7a8188446ffb7299371b66
2022-10,yoy,26.56,2022-10,press_release,2015-16,0,https://www.pbs.gov.pk/sites/default/files/press_releases/2022/CPI_Press_Release_October_2022.pdf,9326a14e868789813125429a9bfa580705c596103b7a8188446ffb7299371b66
2022-08,mom,2.45,2022-08,press_release,2015-16,0,https://www.pbs.gov.pk/sites/default/files/press_releases/2022/CPI_Press_Release_September_2022.pdf,dfb1b2fa03db9ed4ff70cb05fc4b427839918c52135b98c62040337b206a4485
2022-08,yoy,27.26,2022-08,press_release,2015-16,0,https://www.pbs.gov.pk/sites/default/files/press_releases/2022/CPI_Press_Release_September_2022.pdf,dfb1b2fa03db9ed4ff70cb05fc4b427839918c52135b98c62040337b206a4485
2022-03,mom,0.79,2022-03,press_release,2015-16,0,https://www.pbs.gov.pk/sites/default/files/press_releases/2022/cpi_press_release.pdf,d9e37b975d5e4875c2325f2203bbaa31d315c88e5eab02faec9c122412430f3c
2022-03,yoy,12.72,2022-03,press_release,2015-16,0,https://www.pbs.gov.pk/sites/default/files/press_releases/2022/cpi_press_release.pdf,d9e37b975d5e4875c2325f2203bbaa31d315c88e5eab02faec9c122412430f3c
2021-12,mom,-0.02,2021-12,press_release,2015-16,0,https://www.pbs.gov.pk/sites/default/files/press_releases/2022/cpi_press_release_december_2021.pdf,2dc72d8791ae5c0cc81c30ba4b485c91818c9af4bb34ad81feb2cdbab7573b38
2021-12,yoy,12.28,2021-12,press_release,2015-16,0,https://www.pbs.gov.pk/sites/default/files/press_releases/2022/cpi_press_release_december_2021.pdf,2dc72d8791ae5c0cc81c30ba4b485c91818c9af4bb34ad81feb2cdbab7573b38
2022-02,mom,1.15,2022-02,press_release,2015-16,0,https://www.pbs.gov.pk/sites/default/files/press_releases/2022/cpi_press_release_february_2022.pdf,3b74a2502a0fb9c07c30659278056f6308dc6a6d4409bbc312b21f92ed881f73
2022-02,yoy,12.24,2022-02,press_release,2015-16,0,https://www.pbs.gov.pk/sites/default/files/press_releases/2022/cpi_press_release_february_2022.pdf,3b74a2502a0fb9c07c30659278056f6308dc6a6d4409bbc312b21f92ed881f73
2022-01,mom,0.39,2022-01,press_release,2015-16,0,https://www.pbs.gov.pk/sites/default/files/press_releases/2022/cpi_press_release_january_2022_0.pdf,89e9ba27099a27b8b3281189c7eeb1b3a0445975a6e3be6740e8867997fae215
2022-01,yoy,12.96,2022-01,press_release,2015-16,0,https://www.pbs.gov.pk/sites/default/files/press_releases/2022/cpi_press_release_january_2022_0.pdf,89e9ba27099a27b8b3281189c7eeb1b3a0445975a6e3be6740e8867997fae215
2022-03,mom,0.79,2022-03,press_release,2015-16,0,https://www.pbs.gov.pk/sites/default/files/press_releases/2022/cpi_press_release_march_2022.pdf,d9e37b975d5e4875c2325f2203bbaa31d315c88e5eab02faec9c122412430f3c
2022-03,yoy,12.72,2022-03,press_release,2015-16,0,https://www.pbs.gov.pk/sites/default/files/press_releases/2022/cpi_press_release_march_2022.pdf,d9e37b975d5e4875c2325f2203bbaa31d315c88e5eab02faec9c122412430f3c
2023-03,mom,3.72,2023-03,press_release,2015-16,0,https://www.pbs.gov.pk/sites/default/files/press_releases/2023/CPI_Press%20Release_March_2023.pdf,42c4e9659107e2a9b98b191b529d567c6fc633b59f4101390c85d0b4f0a7a421
2023-03,yoy,35.37,2023-03,press_release,2015-16,0,https://www.pbs.gov.pk/sites/default/files/press_releases/2023/CPI_Press%20Release_March_2023.pdf,42c4e9659107e2a9b98b191b529d567c6fc633b59f4101390c85d0b4f0a7a421
2023-04,mom,2.41,2023-04,press_release,2015-16,0,https://www.pbs.gov.pk/sites/default/files/press_releases/2023/CPI_Press_Release_April_2023.pdf,db3507f9340846fb6ad6a92212368494105a90b573465371feed4fe189d9a2c6
2023-04,yoy,36.42,2023-04,press_release,2015-16,0,https://www.pbs.gov.pk/sites/default/files/press_releases/2023/CPI_Press_Release_April_2023.pdf,db3507f9340846fb6ad6a92212368494105a90b573465371feed4fe189d9a2c6
2023-12,mom,0.82,2023-12,press_release,2015-16,0,https://www.pbs.gov.pk/sites/default/files/press_releases/2023/CPI_Press_Release_December_2023.pdf,7baec4e05fafa805ebbb299ca9e189e870b88d5cb27c0f35d354fe9ab749523c
2023-12,yoy,29.66,2023-12,press_release,2015-16,0,https://www.pbs.gov.pk/sites/default/files/press_releases/2023/CPI_Press_Release_December_2023.pdf,7baec4e05fafa805ebbb299ca9e189e870b88d5cb27c0f35d354fe9ab749523c
2023-02,mom,4.32,2023-02,press_release,2015-16,0,https://www.pbs.gov.pk/sites/default/files/press_releases/2023/CPI_Press_Release_Feburary_2023..pdf,5b7cfa91bd763997b49b71bbd11fad1a114694026c86bbe375ac16ee04f861de
2023-02,yoy,31.55,2023-02,press_release,2015-16,0,https://www.pbs.gov.pk/sites/default/files/press_releases/2023/CPI_Press_Release_Feburary_2023..pdf,5b7cfa91bd763997b49b71bbd11fad1a114694026c86bbe375ac16ee04f861de
2024-01,mom,1.83,2024-01,press_release,2015-16,0,https://www.pbs.gov.pk/sites/default/files/press_releases/2023/CPI_Press_Release_Jan_2024.pdf,cfdbc87f1a9765bbb1c3e94e01a8fe33dee1b635487b1502b14df6edb866e2b4
2024-01,yoy,28.34,2024-01,press_release,2015-16,0,https://www.pbs.gov.pk/sites/default/files/press_releases/2023/CPI_Press_Release_Jan_2024.pdf,cfdbc87f1a9765bbb1c3e94e01a8fe33dee1b635487b1502b14df6edb866e2b4
2023-01,mom,2.9,2023-01,press_release,2015-16,0,https://www.pbs.gov.pk/sites/default/files/press_releases/2023/CPI_Press_Release_January_2023.pdf,9a77fa672e691d768e02fe3915aa8ae28e8a27a565c48bfdfe86135676a828c8
2023-01,yoy,27.55,2023-01,press_release,2015-16,0,https://www.pbs.gov.pk/sites/default/files/press_releases/2023/CPI_Press_Release_January_2023.pdf,9a77fa672e691d768e02fe3915aa8ae28e8a27a565c48bfdfe86135676a828c8
2023-07,mom,3.46,2023-07,press_release,2015-16,0,https://www.pbs.gov.pk/sites/default/files/press_releases/2023/CPI_Press_Release_July_2023.pdf,5adf63d0c7565dd4040570f808413361b495e7d7c29f88f56677d3a9ed209e08
2023-07,yoy,28.31,2023-07,press_release,2015-16,0,https://www.pbs.gov.pk/sites/default/files/press_releases/2023/CPI_Press_Release_July_2023.pdf,5adf63d0c7565dd4040570f808413361b495e7d7c29f88f56677d3a9ed209e08
2023-06,mom,-0.26,2023-06,press_release,2015-16,0,https://www.pbs.gov.pk/sites/default/files/press_releases/2023/CPI_Press_Release_June_2023.pdf,c1fdde50ac37b8636e0271acf2244b10a8b11851f0ec7e243d779f33c2486d6d
2023-06,yoy,29.4,2023-06,press_release,2015-16,0,https://www.pbs.gov.pk/sites/default/files/press_releases/2023/CPI_Press_Release_June_2023.pdf,c1fdde50ac37b8636e0271acf2244b10a8b11851f0ec7e243d779f33c2486d6d
2023-05,mom,1.58,2023-05,press_release,2015-16,0,https://www.pbs.gov.pk/sites/default/files/press_releases/2023/CPI_Press_Release_May_2023.pdf,54147661720415a594500dc29b8ecfc7fcc45225a17060b9af4244a66717dc14
2023-05,yoy,37.97,2023-05,press_release,2015-16,0,https://www.pbs.gov.pk/sites/default/files/press_releases/2023/CPI_Press_Release_May_2023.pdf,54147661720415a594500dc29b8ecfc7fcc45225a17060b9af4244a66717dc14
2023-11,mom,2.7,2023-11,press_release,2015-16,0,https://www.pbs.gov.pk/sites/default/files/press_releases/2023/CPI_Press_Release_November_2023.pdf,1aa15ed9b193fde0d4faf93dec1427dc0cf1b9808db004f518236cc1a840662b
2023-11,yoy,29.23,2023-11,press_release,2015-16,0,https://www.pbs.gov.pk/sites/default/files/press_releases/2023/CPI_Press_Release_November_2023.pdf,1aa15ed9b193fde0d4faf93dec1427dc0cf1b9808db004f518236cc1a840662b
2023-10,mom,1.08,2023-10,press_release,2015-16,0,https://www.pbs.gov.pk/sites/default/files/press_releases/2023/CPI_Press_Release_Oct_2023.pdf,834c2bdd4d0f1813515be285aecf3b22ba7d7e2f6e42613d5954f02d8c9a52df
2023-10,yoy,26.89,2023-10,press_release,2015-16,0,https://www.pbs.gov.pk/sites/default/files/press_releases/2023/CPI_Press_Release_Oct_2023.pdf,834c2bdd4d0f1813515be285aecf3b22ba7d7e2f6e42613d5954f02d8c9a52df
2023-08,mom,1.72,2023-08,press_release,2015-16,0,https://www.pbs.gov.pk/sites/default/files/press_releases/2023/Press_Release_CPI_August_2023.pdf,a7ec335a0c96b705a5624d47cb55882160d54e8fea7dfabeb41c645efa61ad90
2023-08,yoy,27.38,2023-08,press_release,2015-16,0,https://www.pbs.gov.pk/sites/default/files/press_releases/2023/Press_Release_CPI_August_2023.pdf,a7ec335a0c96b705a5624d47cb55882160d54e8fea7dfabeb41c645efa61ad90
2023-09,mom,2.0,2023-09,press_release,2015-16,0,https://www.pbs.gov.pk/sites/default/files/press_releases/2023/Press_Release_CPI_September_2023.pdf,394eab9456718e8ed012b7e443237995a8a2c26fcc6e06eac551611d9ca347a7
2023-09,yoy,31.44,2023-09,press_release,2015-16,0,https://www.pbs.gov.pk/sites/default/files/press_releases/2023/Press_Release_CPI_September_2023.pdf,394eab9456718e8ed012b7e443237995a8a2c26fcc6e06eac551611d9ca347a7
2024-04,mom,-0.43,2024-04,press_release,2015-16,0,https://www.pbs.gov.pk/sites/default/files/press_releases/2024/CPI_Press_Release_April_2024.pdf,eda59b3f4de97fe6a7541f264e2653bb4068bc3128b9072097376c1865cb8bc6
2024-04,yoy,17.34,2024-04,press_release,2015-16,0,https://www.pbs.gov.pk/sites/default/files/press_releases/2024/CPI_Press_Release_April_2024.pdf,eda59b3f4de97fe6a7541f264e2653bb4068bc3128b9072097376c1865cb8bc6
2024-02,mom,0.03,2024-02,press_release,2015-16,0,https://www.pbs.gov.pk/sites/default/files/press_releases/2024/CPI_Press_Release_February_2024%20.pdf,afbff89edccefb76bf2b23dc1c33adc14c9b630b7109f888300c4e8bae118e4f
2024-02,yoy,23.06,2024-02,press_release,2015-16,0,https://www.pbs.gov.pk/sites/default/files/press_releases/2024/CPI_Press_Release_February_2024%20.pdf,afbff89edccefb76bf2b23dc1c33adc14c9b630b7109f888300c4e8bae118e4f
2024-07,mom,2.1,2024-07,press_release,2015-16,0,https://www.pbs.gov.pk/sites/default/files/press_releases/2024/CPI_Press_Release_July_2024.pdf,ba21542f2c36d57ca2787ca0e861f5fc37bd8d390a97d5f45f495382859a853d
2024-07,yoy,11.09,2024-07,press_release,2015-16,0,https://www.pbs.gov.pk/sites/default/files/press_releases/2024/CPI_Press_Release_July_2024.pdf,ba21542f2c36d57ca2787ca0e861f5fc37bd8d390a97d5f45f495382859a853d
2024-06,mom,0.46,2024-06,press_release,2015-16,0,https://www.pbs.gov.pk/sites/default/files/press_releases/2024/CPI_Press_Release_June_2024.pdf,1ac9ab81f1b060d4c6da3b9b412f404f3b5fd6e1e864ddafb3ea46e8dd84e867
2024-06,yoy,12.57,2024-06,press_release,2015-16,0,https://www.pbs.gov.pk/sites/default/files/press_releases/2024/CPI_Press_Release_June_2024.pdf,1ac9ab81f1b060d4c6da3b9b412f404f3b5fd6e1e864ddafb3ea46e8dd84e867
2024-03,mom,1.71,2024-03,press_release,2015-16,0,https://www.pbs.gov.pk/sites/default/files/press_releases/2024/CPI_Press_Release_March_2024.pdf,4bdeaf2b107fa5f2138a6988d8db0f84b1d043447e4dfd37ade74035a8f451a1
2024-03,yoy,20.68,2024-03,press_release,2015-16,0,https://www.pbs.gov.pk/sites/default/files/press_releases/2024/CPI_Press_Release_March_2024.pdf,4bdeaf2b107fa5f2138a6988d8db0f84b1d043447e4dfd37ade74035a8f451a1
2024-11,mom,0.49,2024-11,press_release,2015-16,0,https://www.pbs.gov.pk/sites/default/files/press_releases/2024/CPI_Press_Release_November_2024.pdf,8be60acd042ada5e97c9243d703023f36fb72428baabd1e8053c200b056ab102
2024-11,yoy,4.86,2024-11,press_release,2015-16,0,https://www.pbs.gov.pk/sites/default/files/press_releases/2024/CPI_Press_Release_November_2024.pdf,8be60acd042ada5e97c9243d703023f36fb72428baabd1e8053c200b056ab102
2024-09,mom,-0.52,2024-09,press_release,2015-16,0,https://www.pbs.gov.pk/sites/default/files/press_releases/2024/Press_Release_CPI_Sep_2024.pdf,bc33f1b26e69b0e5ec313622075974d2c21dd2d9825849c8f178df13b0d36bf0
2024-09,yoy,6.93,2024-09,press_release,2015-16,0,https://www.pbs.gov.pk/sites/default/files/press_releases/2024/Press_Release_CPI_Sep_2024.pdf,bc33f1b26e69b0e5ec313622075974d2c21dd2d9825849c8f178df13b0d36bf0
2025-01,mom,0.2,2025-01,press_release,2015-16,0,https://www.pbs.gov.pk/sites/default/files/press_releases/2025/CPI_Press_Release_January_2025.pdf,b08494fd2283ee44e086da9acf86c908cfb5c8587f0c6bc3dbb5ef279197ae28
2025-01,yoy,2.41,2025-01,press_release,2015-16,0,https://www.pbs.gov.pk/sites/default/files/press_releases/2025/CPI_Press_Release_January_2025.pdf,b08494fd2283ee44e086da9acf86c908cfb5c8587f0c6bc3dbb5ef279197ae28
2022-04,yoy,13.4,2022-04,review,2015-16,0,https://www.pbs.gov.pk/sites/default/files/price_statistics/cpi/CPI_Monthly_Review_April_2022.pdf,b5c82fe817f73ee2e7b9a5082f56c9e3d8de8135dd5db341823a4b1c5d433dc9
2022-03,yoy,12.7,2022-04,review,2015-16,0,https://www.pbs.gov.pk/sites/default/files/price_statistics/cpi/CPI_Monthly_Review_April_2022.pdf,b5c82fe817f73ee2e7b9a5082f56c9e3d8de8135dd5db341823a4b1c5d433dc9
2021-04,yoy,11.1,2022-04,review,2015-16,0,https://www.pbs.gov.pk/sites/default/files/price_statistics/cpi/CPI_Monthly_Review_April_2022.pdf,b5c82fe817f73ee2e7b9a5082f56c9e3d8de8135dd5db341823a4b1c5d433dc9
2022-04,mom,1.6,2022-04,review,2015-16,0,https://www.pbs.gov.pk/sites/default/files/price_statistics/cpi/CPI_Monthly_Review_April_2022.pdf,b5c82fe817f73ee2e7b9a5082f56c9e3d8de8135dd5db341823a4b1c5d433dc9
2024-04,yoy,17.3,2024-04,review,2015-16,0,https://www.pbs.gov.pk/sites/default/files/price_statistics/cpi/CPI_Monthly_Review_April_2024.pdf,00aca70c9c79d04460717e23c571f36588ed614b93deee2f173c72454a33cdf2
2024-03,yoy,20.7,2024-04,review,2015-16,0,https://www.pbs.gov.pk/sites/default/files/price_statistics/cpi/CPI_Monthly_Review_April_2024.pdf,00aca70c9c79d04460717e23c571f36588ed614b93deee2f173c72454a33cdf2
2023-04,yoy,36.4,2024-04,review,2015-16,0,https://www.pbs.gov.pk/sites/default/files/price_statistics/cpi/CPI_Monthly_Review_April_2024.pdf,00aca70c9c79d04460717e23c571f36588ed614b93deee2f173c72454a33cdf2
2024-02,yoy,23.1,2024-02,review,2015-16,0,https://www.pbs.gov.pk/sites/default/files/price_statistics/cpi/CPI_Monthly_Review_Febuary_2024.pdf,f510526bb596c950fbaea7c8d50c1bb14825f0cf2772676c9354fe7d7d013d05
2024-01,yoy,28.3,2024-02,review,2015-16,0,https://www.pbs.gov.pk/sites/default/files/price_statistics/cpi/CPI_Monthly_Review_Febuary_2024.pdf,f510526bb596c950fbaea7c8d50c1bb14825f0cf2772676c9354fe7d7d013d05
2023-02,yoy,31.5,2024-02,review,2015-16,0,https://www.pbs.gov.pk/sites/default/files/price_statistics/cpi/CPI_Monthly_Review_Febuary_2024.pdf,f510526bb596c950fbaea7c8d50c1bb14825f0cf2772676c9354fe7d7d013d05
2022-07,yoy,24.9,2022-07,review,2015-16,0,https://www.pbs.gov.pk/sites/default/files/price_statistics/cpi/CPI_Monthly_Review_July_2022.pdf,1c4b7808d697fce2efaa7ba8ac1bcd3b2cf417d6936b607d62d241aebefe3137
2022-06,yoy,21.3,2022-07,review,2015-16,0,https://www.pbs.gov.pk/sites/default/files/price_statistics/cpi/CPI_Monthly_Review_July_2022.pdf,1c4b7808d697fce2efaa7ba8ac1bcd3b2cf417d6936b607d62d241aebefe3137
2021-07,yoy,8.4,2022-07,review,2015-16,0,https://www.pbs.gov.pk/sites/default/files/price_statistics/cpi/CPI_Monthly_Review_July_2022.pdf,1c4b7808d697fce2efaa7ba8ac1bcd3b2cf417d6936b607d62d241aebefe3137
2022-07,mom,4.3,2022-07,review,2015-16,0,https://www.pbs.gov.pk/sites/default/files/price_statistics/cpi/CPI_Monthly_Review_July_2022.pdf,1c4b7808d697fce2efaa7ba8ac1bcd3b2cf417d6936b607d62d241aebefe3137
2022-06,mom,6.3,2022-07,review,2015-16,0,https://www.pbs.gov.pk/sites/default/files/price_statistics/cpi/CPI_Monthly_Review_July_2022.pdf,1c4b7808d697fce2efaa7ba8ac1bcd3b2cf417d6936b607d62d241aebefe3137
2021-07,mom,1.3,2022-07,review,2015-16,0,https://www.pbs.gov.pk/sites/default/files/price_statistics/cpi/CPI_Monthly_Review_July_2022.pdf,1c4b7808d697fce2efaa7ba8ac1bcd3b2cf417d6936b607d62d241aebefe3137
2022-06,yoy,21.3,2022-06,review,2015-16,0,https://www.pbs.gov.pk/sites/default/files/price_statistics/cpi/CPI_Monthly_Review_June_2022.pdf,2b85b8ad12f79f6b78c1f6b4b1528db068d2f27fe045e1c67d9d4027a885cce4
2022-05,yoy,13.8,2022-06,review,2015-16,0,https://www.pbs.gov.pk/sites/default/files/price_statistics/cpi/CPI_Monthly_Review_June_2022.pdf,2b85b8ad12f79f6b78c1f6b4b1528db068d2f27fe045e1c67d9d4027a885cce4
2021-06,yoy,9.7,2022-06,review,2015-16,0,https://www.pbs.gov.pk/sites/default/files/price_statistics/cpi/CPI_Monthly_Review_June_2022.pdf,2b85b8ad12f79f6b78c1f6b4b1528db068d2f27fe045e1c67d9d4027a885cce4
2022-06,mom,6.3,2022-06,review,2015-16,0,https://www.pbs.gov.pk/sites/default/files/price_statistics/cpi/CPI_Monthly_Review_June_2022.pdf,2b85b8ad12f79f6b78c1f6b4b1528db068d2f27fe045e1c67d9d4027a885cce4
2024-03,yoy,20.7,2024-03,review,2015-16,0,https://www.pbs.gov.pk/sites/default/files/price_statistics/cpi/CPI_Monthly_Review_March_2024.pdf,7b570cbff26f0ee4cf7a8723937aa83be1e08c8d2be2ecad88eaa1d861636c3f
2024-02,yoy,23.1,2024-03,review,2015-16,0,https://www.pbs.gov.pk/sites/default/files/price_statistics/cpi/CPI_Monthly_Review_March_2024.pdf,7b570cbff26f0ee4cf7a8723937aa83be1e08c8d2be2ecad88eaa1d861636c3f
2023-03,yoy,35.4,2024-03,review,2015-16,0,https://www.pbs.gov.pk/sites/default/files/price_statistics/cpi/CPI_Monthly_Review_March_2024.pdf,7b570cbff26f0ee4cf7a8723937aa83be1e08c8d2be2ecad88eaa1d861636c3f
2024-03,mom,1.7,2024-03,review,2015-16,0,https://www.pbs.gov.pk/sites/default/files/price_statistics/cpi/CPI_Monthly_Review_March_2024.pdf,7b570cbff26f0ee4cf7a8723937aa83be1e08c8d2be2ecad88eaa1d861636c3f
2022-05,yoy,13.8,2022-05,review,2015-16,0,https://www.pbs.gov.pk/sites/default/files/price_statistics/cpi/CPI_Monthly_Review_May_2022.pdf,92d28a3c072e8b6a1e1945d2edfe6a7d7570c59069770fa424f23281f5ae60a9
2022-04,yoy,13.4,2022-05,review,2015-16,0,https://www.pbs.gov.pk/sites/default/files/price_statistics/cpi/CPI_Monthly_Review_May_2022.pdf,92d28a3c072e8b6a1e1945d2edfe6a7d7570c59069770fa424f23281f5ae60a9
2021-05,yoy,10.9,2022-05,review,2015-16,0,https://www.pbs.gov.pk/sites/default/files/price_statistics/cpi/CPI_Monthly_Review_May_2022.pdf,92d28a3c072e8b6a1e1945d2edfe6a7d7570c59069770fa424f23281f5ae60a9
2024-09,yoy,6.9,2024-09,review,2015-16,0,https://www.pbs.gov.pk/sites/default/files/price_statistics/cpi/CPI_Monthly_Review_September_2024.pdf,0c9df342cb9d3ba654a40cb880d7acf83d78b88d27a0168e8d063d72915ce2d1
2024-08,yoy,9.6,2024-09,review,2015-16,0,https://www.pbs.gov.pk/sites/default/files/price_statistics/cpi/CPI_Monthly_Review_September_2024.pdf,0c9df342cb9d3ba654a40cb880d7acf83d78b88d27a0168e8d063d72915ce2d1
2023-09,yoy,31.4,2024-09,review,2015-16,0,https://www.pbs.gov.pk/sites/default/files/price_statistics/cpi/CPI_Monthly_Review_September_2024.pdf,0c9df342cb9d3ba654a40cb880d7acf83d78b88d27a0168e8d063d72915ce2d1
2024-09,mom,-0.5,2024-09,review,2015-16,0,https://www.pbs.gov.pk/sites/default/files/price_statistics/cpi/CPI_Monthly_Review_September_2024.pdf,0c9df342cb9d3ba654a40cb880d7acf83d78b88d27a0168e8d063d72915ce2d1
2024-08,mom,0.4,2024-09,review,2015-16,0,https://www.pbs.gov.pk/sites/default/files/price_statistics/cpi/CPI_Monthly_Review_September_2024.pdf,0c9df342cb9d3ba654a40cb880d7acf83d78b88d27a0168e8d063d72915ce2d1
2023-09,mom,2.0,2024-09,review,2015-16,0,https://www.pbs.gov.pk/sites/default/files/price_statistics/cpi/CPI_Monthly_Review_September_2024.pdf,0c9df342cb9d3ba654a40cb880d7acf83d78b88d27a0168e8d063d72915ce2d1
2024-08,mom,0.39,2024-08,press_release,2015-16,0,https://www.pbs.gov.pk/sites/default/files/price_statistics/cpi/CPI_Press_Release_2024.pdf,0b008b4693812a1198c90c0f7baf3b9e38494a775b52a9f44a6ac6afe39e6f09
2024-08,yoy,9.64,2024-08,press_release,2015-16,0,https://www.pbs.gov.pk/sites/default/files/price_statistics/cpi/CPI_Press_Release_2024.pdf,0b008b4693812a1198c90c0f7baf3b9e38494a775b52a9f44a6ac6afe39e6f09
2024-10,mom,1.23,2024-10,press_release,2015-16,0,https://www.pbs.gov.pk/sites/default/files/price_statistics/cpi/CPI_Press_Release_October_2024.pdf,c76171b95472fba7ddf4c2b5fe0d0af1ba182f1ac22405eefc1fd2dc439a993a
2024-10,yoy,7.17,2024-10,press_release,2015-16,0,https://www.pbs.gov.pk/sites/default/files/price_statistics/cpi/CPI_Press_Release_October_2024.pdf,c76171b95472fba7ddf4c2b5fe0d0af1ba182f1ac22405eefc1fd2dc439a993a
2023-04,yoy,36.4,2023-04,review,2015-16,0,https://www.pbs.gov.pk/sites/default/files/price_statistics/cpi/CPI_Review_April_2023.pdf,73f6210501cd0f251f93ca33b3e53bdedc7afe3bc84d6a32857e845ec7efbcc8
2023-03,yoy,35.4,2023-04,review,2015-16,0,https://www.pbs.gov.pk/sites/default/files/price_statistics/cpi/CPI_Review_April_2023.pdf,73f6210501cd0f251f93ca33b3e53bdedc7afe3bc84d6a32857e845ec7efbcc8
2022-04,yoy,13.4,2023-04,review,2015-16,0,https://www.pbs.gov.pk/sites/default/files/price_statistics/cpi/CPI_Review_April_2023.pdf,73f6210501cd0f251f93ca33b3e53bdedc7afe3bc84d6a32857e845ec7efbcc8
2024-08,yoy,9.6,2024-08,review,2015-16,0,https://www.pbs.gov.pk/sites/default/files/price_statistics/cpi/CPI_Review_August_2024.pdf,cfa658d0ccf5c925ca213a5c9607d2ec3e1d7a634ea932dd89f91d7d57c3728f
2024-07,yoy,11.1,2024-08,review,2015-16,0,https://www.pbs.gov.pk/sites/default/files/price_statistics/cpi/CPI_Review_August_2024.pdf,cfa658d0ccf5c925ca213a5c9607d2ec3e1d7a634ea932dd89f91d7d57c3728f
2023-08,yoy,27.4,2024-08,review,2015-16,0,https://www.pbs.gov.pk/sites/default/files/price_statistics/cpi/CPI_Review_August_2024.pdf,cfa658d0ccf5c925ca213a5c9607d2ec3e1d7a634ea932dd89f91d7d57c3728f
2024-08,mom,0.4,2024-08,review,2015-16,0,https://www.pbs.gov.pk/sites/default/files/price_statistics/cpi/CPI_Review_August_2024.pdf,cfa658d0ccf5c925ca213a5c9607d2ec3e1d7a634ea932dd89f91d7d57c3728f
2024-07,mom,2.1,2024-08,review,2015-16,0,https://www.pbs.gov.pk/sites/default/files/price_statistics/cpi/CPI_Review_August_2024.pdf,cfa658d0ccf5c925ca213a5c9607d2ec3e1d7a634ea932dd89f91d7d57c3728f
2023-08,mom,1.7,2024-08,review,2015-16,0,https://www.pbs.gov.pk/sites/default/files/price_statistics/cpi/CPI_Review_August_2024.pdf,cfa658d0ccf5c925ca213a5c9607d2ec3e1d7a634ea932dd89f91d7d57c3728f
2023-12,yoy,29.7,2023-12,review,2015-16,0,https://www.pbs.gov.pk/sites/default/files/price_statistics/cpi/CPI_Review_December_2023.pdf,312cc9a04da24d7c5b4fc1ca32738d5b435b674afa5877e1647ba26d89c6ba32
2023-11,yoy,29.2,2023-12,review,2015-16,0,https://www.pbs.gov.pk/sites/default/files/price_statistics/cpi/CPI_Review_December_2023.pdf,312cc9a04da24d7c5b4fc1ca32738d5b435b674afa5877e1647ba26d89c6ba32
2022-12,yoy,24.5,2023-12,review,2015-16,0,https://www.pbs.gov.pk/sites/default/files/price_statistics/cpi/CPI_Review_December_2023.pdf,312cc9a04da24d7c5b4fc1ca32738d5b435b674afa5877e1647ba26d89c6ba32
2023-12,mom,0.8,2023-12,review,2015-16,0,https://www.pbs.gov.pk/sites/default/files/price_statistics/cpi/CPI_Review_December_2023.pdf,312cc9a04da24d7c5b4fc1ca32738d5b435b674afa5877e1647ba26d89c6ba32
2023-11,mom,2.7,2023-12,review,2015-16,0,https://www.pbs.gov.pk/sites/default/files/price_statistics/cpi/CPI_Review_December_2023.pdf,312cc9a04da24d7c5b4fc1ca32738d5b435b674afa5877e1647ba26d89c6ba32
2022-12,mom,0.5,2023-12,review,2015-16,0,https://www.pbs.gov.pk/sites/default/files/price_statistics/cpi/CPI_Review_December_2023.pdf,312cc9a04da24d7c5b4fc1ca32738d5b435b674afa5877e1647ba26d89c6ba32
2024-01,yoy,28.3,2024-01,review,2015-16,0,https://www.pbs.gov.pk/sites/default/files/price_statistics/cpi/CPI_Review_January_2024.pdf,d60227f9aec1f13ebeb4e221c80190bb91b70828f2dea01f4dcf93973ef1bab9
2023-12,yoy,29.7,2024-01,review,2015-16,0,https://www.pbs.gov.pk/sites/default/files/price_statistics/cpi/CPI_Review_January_2024.pdf,d60227f9aec1f13ebeb4e221c80190bb91b70828f2dea01f4dcf93973ef1bab9
2023-01,yoy,27.6,2024-01,review,2015-16,0,https://www.pbs.gov.pk/sites/default/files/price_statistics/cpi/CPI_Review_January_2024.pdf,d60227f9aec1f13ebeb4e221c80190bb91b70828f2dea01f4dcf93973ef1bab9
2024-01,mom,1.8,2024-01,review,2015-16,0,https://www.pbs.gov.pk/sites/default/files/price_statistics/cpi/CPI_Review_January_2024.pdf,d60227f9aec1f13ebeb4e221c80190bb91b70828f2dea01f4dcf93973ef1bab9
2023-12,mom,0.8,2024-01,review,2015-16,0,https://www.pbs.gov.pk/sites/default/files/price_statistics/cpi/CPI_Review_January_2024.pdf,d60227f9aec1f13ebeb4e221c80190bb91b70828f2dea01f4dcf93973ef1bab9
2023-01,mom,2.9,2024-01,review,2015-16,0,https://www.pbs.gov.pk/sites/default/files/price_statistics/cpi/CPI_Review_January_2024.pdf,d60227f9aec1f13ebeb4e221c80190bb91b70828f2dea01f4dcf93973ef1bab9
2024-07,yoy,11.1,2024-07,review,2015-16,0,https://www.pbs.gov.pk/sites/default/files/price_statistics/cpi/CPI_Review_July_2024.pdf,1cc917f2118d3d9f7a8bc10f33fb96aa10d480f8c772ff3c9dc8cbd281cc6c48
2024-06,yoy,12.6,2024-07,review,2015-16,0,https://www.pbs.gov.pk/sites/default/files/price_statistics/cpi/CPI_Review_July_2024.pdf,1cc917f2118d3d9f7a8bc10f33fb96aa10d480f8c772ff3c9dc8cbd281cc6c48
2023-07,yoy,28.3,2024-07,review,2015-16,0,https://www.pbs.gov.pk/sites/default/files/price_statistics/cpi/CPI_Review_July_2024.pdf,1cc917f2118d3d9f7a8bc10f33fb96aa10d480f8c772ff3c9dc8cbd281cc6c48
2024-07,mom,2.1,2024-07,review,2015-16,0,https://www.pbs.gov.pk/sites/default/files/price_statistics/cpi/CPI_Review_July_2024.pdf,1cc917f2118d3d9f7a8bc10f33fb96aa10d480f8c772ff3c9dc8cbd281cc6c48
2024-06,mom,0.5,2024-07,review,2015-16,0,https://www.pbs.gov.pk/sites/default/files/price_statistics/cpi/CPI_Review_July_2024.pdf,1cc917f2118d3d9f7a8bc10f33fb96aa10d480f8c772ff3c9dc8cbd281cc6c48
2023-07,mom,3.5,2024-07,review,2015-16,0,https://www.pbs.gov.pk/sites/default/files/price_statistics/cpi/CPI_Review_July_2024.pdf,1cc917f2118d3d9f7a8bc10f33fb96aa10d480f8c772ff3c9dc8cbd281cc6c48
2023-06,yoy,29.4,2023-06,review,2015-16,0,https://www.pbs.gov.pk/sites/default/files/price_statistics/cpi/CPI_Review_June_2023.pdf,458fb8d2842f178adce61fb28ad6a9d6821af83887d0de854bafa25862a94d35
2023-05,yoy,38.0,2023-06,review,2015-16,0,https://www.pbs.gov.pk/sites/default/files/price_statistics/cpi/CPI_Review_June_2023.pdf,458fb8d2842f178adce61fb28ad6a9d6821af83887d0de854bafa25862a94d35
2022-06,yoy,21.3,2023-06,review,2015-16,0,https://www.pbs.gov.pk/sites/default/files/price_statistics/cpi/CPI_Review_June_2023.pdf,458fb8d2842f178adce61fb28ad6a9d6821af83887d0de854bafa25862a94d35
2023-05,mom,1.6,2023-06,review,2015-16,0,https://www.pbs.gov.pk/sites/default/files/price_statistics/cpi/CPI_Review_June_2023.pdf,458fb8d2842f178adce61fb28ad6a9d6821af83887d0de854bafa25862a94d35
2022-06,mom,6.3,2023-06,review,2015-16,0,https://www.pbs.gov.pk/sites/default/files/price_statistics/cpi/CPI_Review_June_2023.pdf,458fb8d2842f178adce61fb28ad6a9d6821af83887d0de854bafa25862a94d35
2024-06,yoy,12.6,2024-06,review,2015-16,0,https://www.pbs.gov.pk/sites/default/files/price_statistics/cpi/CPI_Review_June_2024.pdf,faa5ac3b3a720e51815920c503c0694c5aa3e0b07a355c7c144895264862a022
2024-05,yoy,11.8,2024-06,review,2015-16,0,https://www.pbs.gov.pk/sites/default/files/price_statistics/cpi/CPI_Review_June_2024.pdf,faa5ac3b3a720e51815920c503c0694c5aa3e0b07a355c7c144895264862a022
2023-06,yoy,29.4,2024-06,review,2015-16,0,https://www.pbs.gov.pk/sites/default/files/price_statistics/cpi/CPI_Review_June_2024.pdf,faa5ac3b3a720e51815920c503c0694c5aa3e0b07a355c7c144895264862a022
2024-06,mom,0.5,2024-06,review,2015-16,0,https://www.pbs.gov.pk/sites/default/files/price_statistics/cpi/CPI_Review_June_2024.pdf,faa5ac3b3a720e51815920c503c0694c5aa3e0b07a355c7c144895264862a022
2023-05,yoy,38.0,2023-05,review,2015-16,0,https://www.pbs.gov.pk/sites/default/files/price_statistics/cpi/CPI_Review_May_2023.pdf,e0b4691d27e1e57243554fc292a8ecac6117803925343350faa67f9166a45492
2023-04,yoy,36.4,2023-05,review,2015-16,0,https://www.pbs.gov.pk/sites/default/files/price_statistics/cpi/CPI_Review_May_2023.pdf,e0b4691d27e1e57243554fc292a8ecac6117803925343350faa67f9166a45492
2022-05,yoy,13.8,2023-05,review,2015-16,0,https://www.pbs.gov.pk/sites/default/files/price_statistics/cpi/CPI_Review_May_2023.pdf,e0b4691d27e1e57243554fc292a8ecac6117803925343350faa67f9166a45492
2023-05,mom,1.6,2023-05,review,2015-16,0,https://www.pbs.gov.pk/sites/default/files/price_statistics/cpi/CPI_Review_May_2023.pdf,e0b4691d27e1e57243554fc292a8ecac6117803925343350faa67f9166a45492
2023-04,mom,2.4,2023-05,review,2015-16,0,https://www.pbs.gov.pk/sites/default/files/price_statistics/cpi/CPI_Review_May_2023.pdf,e0b4691d27e1e57243554fc292a8ecac6117803925343350faa67f9166a45492
2022-05,mom,0.4,2023-05,review,2015-16,0,https://www.pbs.gov.pk/sites/default/files/price_statistics/cpi/CPI_Review_May_2023.pdf,e0b4691d27e1e57243554fc292a8ecac6117803925343350faa67f9166a45492
2023-11,yoy,29.2,2023-11,review,2015-16,0,https://www.pbs.gov.pk/sites/default/files/price_statistics/cpi/CPI_Review_November_2023.pdf,710587e7052f312dea08305868d730f1da8d6d6729f9364045f87287b99809dc
2023-10,yoy,26.8,2023-11,review,2015-16,0,https://www.pbs.gov.pk/sites/default/files/price_statistics/cpi/CPI_Review_November_2023.pdf,710587e7052f312dea08305868d730f1da8d6d6729f9364045f87287b99809dc
2022-11,yoy,23.8,2023-11,review,2015-16,0,https://www.pbs.gov.pk/sites/default/files/price_statistics/cpi/CPI_Review_November_2023.pdf,710587e7052f312dea08305868d730f1da8d6d6729f9364045f87287b99809dc
2023-11,mom,2.7,2023-11,review,2015-16,0,https://www.pbs.gov.pk/sites/default/files/price_statistics/cpi/CPI_Review_November_2023.pdf,710587e7052f312dea08305868d730f1da8d6d6729f9364045f87287b99809dc
2023-10,mom,1.0,2023-11,review,2015-16,0,https://www.pbs.gov.pk/sites/default/files/price_statistics/cpi/CPI_Review_November_2023.pdf,710587e7052f312dea08305868d730f1da8d6d6729f9364045f87287b99809dc
2022-11,mom,0.8,2023-11,review,2015-16,0,https://www.pbs.gov.pk/sites/default/files/price_statistics/cpi/CPI_Review_November_2023.pdf,710587e7052f312dea08305868d730f1da8d6d6729f9364045f87287b99809dc
2025-04,yoy,0.3,2025-04,review,2015-16,0,https://www.pbs.gov.pk/sites/default/files/price_statistics/cpi/Monthly%20Review%20April%2C%202025.pdf,6e674a53d6abef9948061da8a8aaf109a7906f55c39296bd8f8bba98ad9c1c2c
2025-03,yoy,0.7,2025-04,review,2015-16,0,https://www.pbs.gov.pk/sites/default/files/price_statistics/cpi/Monthly%20Review%20April%2C%202025.pdf,6e674a53d6abef9948061da8a8aaf109a7906f55c39296bd8f8bba98ad9c1c2c
2024-04,yoy,17.3,2025-04,review,2015-16,0,https://www.pbs.gov.pk/sites/default/files/price_statistics/cpi/Monthly%20Review%20April%2C%202025.pdf,6e674a53d6abef9948061da8a8aaf109a7906f55c39296bd8f8bba98ad9c1c2c
2025-04,mom,-0.8,2025-04,review,2015-16,0,https://www.pbs.gov.pk/sites/default/files/price_statistics/cpi/Monthly%20Review%20April%2C%202025.pdf,6e674a53d6abef9948061da8a8aaf109a7906f55c39296bd8f8bba98ad9c1c2c
2025-03,mom,0.9,2025-04,review,2015-16,0,https://www.pbs.gov.pk/sites/default/files/price_statistics/cpi/Monthly%20Review%20April%2C%202025.pdf,6e674a53d6abef9948061da8a8aaf109a7906f55c39296bd8f8bba98ad9c1c2c
2024-04,mom,-0.4,2025-04,review,2015-16,0,https://www.pbs.gov.pk/sites/default/files/price_statistics/cpi/Monthly%20Review%20April%2C%202025.pdf,6e674a53d6abef9948061da8a8aaf109a7906f55c39296bd8f8bba98ad9c1c2c
2025-07,yoy,4.1,2025-07,review,2015-16,0,https://www.pbs.gov.pk/sites/default/files/price_statistics/cpi/Monthly%20Review%20July%2C%202025.pdf,6009bb8fdba873b37155da253756dc7910777ce0ec87d2715849e38487552a25
2025-06,yoy,3.2,2025-07,review,2015-16,0,https://www.pbs.gov.pk/sites/default/files/price_statistics/cpi/Monthly%20Review%20July%2C%202025.pdf,6009bb8fdba873b37155da253756dc7910777ce0ec87d2715849e38487552a25
2024-07,yoy,11.1,2025-07,review,2015-16,0,https://www.pbs.gov.pk/sites/default/files/price_statistics/cpi/Monthly%20Review%20July%2C%202025.pdf,6009bb8fdba873b37155da253756dc7910777ce0ec87d2715849e38487552a25
2025-07,mom,2.9,2025-07,review,2015-16,0,https://www.pbs.gov.pk/sites/default/files/price_statistics/cpi/Monthly%20Review%20July%2C%202025.pdf,6009bb8fdba873b37155da253756dc7910777ce0ec87d2715849e38487552a25
2025-06,mom,0.2,2025-07,review,2015-16,0,https://www.pbs.gov.pk/sites/default/files/price_statistics/cpi/Monthly%20Review%20July%2C%202025.pdf,6009bb8fdba873b37155da253756dc7910777ce0ec87d2715849e38487552a25
2024-07,mom,2.1,2025-07,review,2015-16,0,https://www.pbs.gov.pk/sites/default/files/price_statistics/cpi/Monthly%20Review%20July%2C%202025.pdf,6009bb8fdba873b37155da253756dc7910777ce0ec87d2715849e38487552a25
2025-06,yoy,3.2,2025-06,review,2015-16,0,https://www.pbs.gov.pk/sites/default/files/price_statistics/cpi/Monthly%20Review%20June%2C%202025.pdf,b8641e41adb68bb69a4dfa5eb4114430e679ebe9ab17b2c08e7bfd73e477bc92
2025-05,yoy,3.5,2025-06,review,2015-16,0,https://www.pbs.gov.pk/sites/default/files/price_statistics/cpi/Monthly%20Review%20June%2C%202025.pdf,b8641e41adb68bb69a4dfa5eb4114430e679ebe9ab17b2c08e7bfd73e477bc92
2024-06,yoy,12.6,2025-06,review,2015-16,0,https://www.pbs.gov.pk/sites/default/files/price_statistics/cpi/Monthly%20Review%20June%2C%202025.pdf,b8641e41adb68bb69a4dfa5eb4114430e679ebe9ab17b2c08e7bfd73e477bc92
2025-06,mom,0.2,2025-06,review,2015-16,0,https://www.pbs.gov.pk/sites/default/files/price_statistics/cpi/Monthly%20Review%20June%2C%202025.pdf,b8641e41adb68bb69a4dfa5eb4114430e679ebe9ab17b2c08e7bfd73e477bc92
2025-05,mom,-0.2,2025-06,review,2015-16,0,https://www.pbs.gov.pk/sites/default/files/price_statistics/cpi/Monthly%20Review%20June%2C%202025.pdf,b8641e41adb68bb69a4dfa5eb4114430e679ebe9ab17b2c08e7bfd73e477bc92
2024-06,mom,0.5,2025-06,review,2015-16,0,https://www.pbs.gov.pk/sites/default/files/price_statistics/cpi/Monthly%20Review%20June%2C%202025.pdf,b8641e41adb68bb69a4dfa5eb4114430e679ebe9ab17b2c08e7bfd73e477bc92
2025-05,yoy,3.5,2025-05,review,2015-16,0,https://www.pbs.gov.pk/sites/default/files/price_statistics/cpi/Monthly%20Review%20May%2C%202025.pdf,9537b398a37bb33a47de953c977e3fe4765d7e385e4f357375d8c1dc5a313d16
2025-04,yoy,0.3,2025-05,review,2015-16,0,https://www.pbs.gov.pk/sites/default/files/price_statistics/cpi/Monthly%20Review%20May%2C%202025.pdf,9537b398a37bb33a47de953c977e3fe4765d7e385e4f357375d8c1dc5a313d16
2024-05,yoy,11.8,2025-05,review,2015-16,0,https://www.pbs.gov.pk/sites/default/files/price_statistics/cpi/Monthly%20Review%20May%2C%202025.pdf,9537b398a37bb33a47de953c977e3fe4765d7e385e4f357375d8c1dc5a313d16
2025-05,mom,-0.2,2025-05,review,2015-16,0,https://www.pbs.gov.pk/sites/default/files/price_statistics/cpi/Monthly%20Review%20May%2C%202025.pdf,9537b398a37bb33a47de953c977e3fe4765d7e385e4f357375d8c1dc5a313d16
2025-04,mom,-0.8,2025-05,review,2015-16,0,https://www.pbs.gov.pk/sites/default/files/price_statistics/cpi/Monthly%20Review%20May%2C%202025.pdf,9537b398a37bb33a47de953c977e3fe4765d7e385e4f357375d8c1dc5a313d16
2024-05,mom,-3.2,2025-05,review,2015-16,0,https://www.pbs.gov.pk/sites/default/files/price_statistics/cpi/Monthly%20Review%20May%2C%202025.pdf,9537b398a37bb33a47de953c977e3fe4765d7e385e4f357375d8c1dc5a313d16
2023-08,yoy,27.4,2023-08,review,2015-16,0,https://www.pbs.gov.pk/sites/default/files/price_statistics/cpi/Monthly_Review_August_2023.pdf,137c3b515a57a67167b7e47a92f222ddd2a51290e791c544607349812bf3fd20
2023-07,yoy,28.3,2023-08,review,2015-16,0,https://www.pbs.gov.pk/sites/default/files/price_statistics/cpi/Monthly_Review_August_2023.pdf,137c3b515a57a67167b7e47a92f222ddd2a51290e791c544607349812bf3fd20
2022-08,yoy,27.3,2023-08,review,2015-16,0,https://www.pbs.gov.pk/sites/default/files/price_statistics/cpi/Monthly_Review_August_2023.pdf,137c3b515a57a67167b7e47a92f222ddd2a51290e791c544607349812bf3fd20
2023-08,mom,1.7,2023-08,review,2015-16,0,https://www.pbs.gov.pk/sites/default/files/price_statistics/cpi/Monthly_Review_August_2023.pdf,137c3b515a57a67167b7e47a92f222ddd2a51290e791c544607349812bf3fd20
2023-07,mom,3.5,2023-08,review,2015-16,0,https://www.pbs.gov.pk/sites/default/files/price_statistics/cpi/Monthly_Review_August_2023.pdf,137c3b515a57a67167b7e47a92f222ddd2a51290e791c544607349812bf3fd20
2022-08,mom,2.4,2023-08,review,2015-16,0,https://www.pbs.gov.pk/sites/default/files/price_statistics/cpi/Monthly_Review_August_2023.pdf,137c3b515a57a67167b7e47a92f222ddd2a51290e791c544607349812bf3fd20
2024-12,yoy,4.1,2024-12,review,2015-16,0,https://www.pbs.gov.pk/sites/default/files/price_statistics/cpi/Monthly_Review_December_2024.pdf,35541f72b822c14d6ede6374a11e46970a1b73e549b486e3ee4097267b1719f8
2024-11,yoy,4.9,2024-12,review,2015-16,0,https://www.pbs.gov.pk/sites/default/files/price_statistics/cpi/Monthly_Review_December_2024.pdf,35541f72b822c14d6ede6374a11e46970a1b73e549b486e3ee4097267b1719f8
2023-12,yoy,29.7,2024-12,review,2015-16,0,https://www.pbs.gov.pk/sites/default/files/price_statistics/cpi/Monthly_Review_December_2024.pdf,35541f72b822c14d6ede6374a11e46970a1b73e549b486e3ee4097267b1719f8
2024-12,mom,0.1,2024-12,review,2015-16,0,https://www.pbs.gov.pk/sites/default/files/price_statistics/cpi/Monthly_Review_December_2024.pdf,35541f72b822c14d6ede6374a11e46970a1b73e549b486e3ee4097267b1719f8
2024-11,mom,0.5,2024-12,review,2015-16,0,https://www.pbs.gov.pk/sites/default/files/price_statistics/cpi/Monthly_Review_December_2024.pdf,35541f72b822c14d6ede6374a11e46970a1b73e549b486e3ee4097267b1719f8
2023-12,mom,0.8,2024-12,review,2015-16,0,https://www.pbs.gov.pk/sites/default/files/price_statistics/cpi/Monthly_Review_December_2024.pdf,35541f72b822c14d6ede6374a11e46970a1b73e549b486e3ee4097267b1719f8
2025-02,yoy,1.5,2025-02,review,2015-16,0,https://www.pbs.gov.pk/sites/default/files/price_statistics/cpi/Monthly_Review_February_2025.pdf,45b5d85c298ee9105fa6fb0ebf9903ace1631e7e82d043d2e949df0a2b84b4a9
2025-01,yoy,2.4,2025-02,review,2015-16,0,https://www.pbs.gov.pk/sites/default/files/price_statistics/cpi/Monthly_Review_February_2025.pdf,45b5d85c298ee9105fa6fb0ebf9903ace1631e7e82d043d2e949df0a2b84b4a9
2024-02,yoy,23.1,2025-02,review,2015-16,0,https://www.pbs.gov.pk/sites/default/files/price_statistics/cpi/Monthly_Review_February_2025.pdf,45b5d85c298ee9105fa6fb0ebf9903ace1631e7e82d043d2e949df0a2b84b4a9
2025-02,mom,-0.8,2025-02,review,2015-16,0,https://www.pbs.gov.pk/sites/default/files/price_statistics/cpi/Monthly_Review_February_2025.pdf,45b5d85c298ee9105fa6fb0ebf9903ace1631e7e82d043d2e949df0a2b84b4a9
2025-01,yoy,2.4,2025-01,review,2015-16,0,https://www.pbs.gov.pk/sites/default/files/price_statistics/cpi/Monthly_Review_January_2025.pdf,fd0ec8eef8b7c2c22e3963b83e8547a310978a69b0946fb7fb19230590cec104
2024-12,yoy,4.1,2025-01,review,2015-16,0,https://www.pbs.gov.pk/sites/default/files/price_statistics/cpi/Monthly_Review_January_2025.pdf,fd0ec8eef8b7c2c22e3963b83e8547a310978a69b0946fb7fb19230590cec104
2024-01,yoy,28.3,2025-01,review,2015-16,0,https://www.pbs.gov.pk/sites/default/files/price_statistics/cpi/Monthly_Review_January_2025.pdf,fd0ec8eef8b7c2c22e3963b83e8547a310978a69b0946fb7fb19230590cec104
2025-01,mom,0.2,2025-01,review,2015-16,0,https://www.pbs.gov.pk/sites/default/files/price_statistics/cpi/Monthly_Review_January_2025.pdf,fd0ec8eef8b7c2c22e3963b83e8547a310978a69b0946fb7fb19230590cec104
2024-12,mom,0.1,2025-01,review,2015-16,0,https://www.pbs.gov.pk/sites/default/files/price_statistics/cpi/Monthly_Review_January_2025.pdf,fd0ec8eef8b7c2c22e3963b83e8547a310978a69b0946fb7fb19230590cec104
2024-01,mom,1.8,2025-01,review,2015-16,0,https://www.pbs.gov.pk/sites/default/files/price_statistics/cpi/Monthly_Review_January_2025.pdf,fd0ec8eef8b7c2c22e3963b83e8547a310978a69b0946fb7fb19230590cec104
2023-07,yoy,28.3,2023-07,review,2015-16,0,https://www.pbs.gov.pk/sites/default/files/price_statistics/cpi/Monthly_Review_July_2023.pdf,fa7dd7a3ab32c3c489c5b75adc2cab0c509f27fe6cfdd9198b60f4d102965676
2023-07,mom,3.5,2023-07,review,2015-16,0,https://www.pbs.gov.pk/sites/default/files/price_statistics/cpi/Monthly_Review_July_2023.pdf,fa7dd7a3ab32c3c489c5b75adc2cab0c509f27fe6cfdd9198b60f4d102965676
2023-06,mom,-0.3,2023-07,review,2015-16,0,https://www.pbs.gov.pk/sites/default/files/price_statistics/cpi/Monthly_Review_July_2023.pdf,fa7dd7a3ab32c3c489c5b75adc2cab0c509f27fe6cfdd9198b60f4d102965676
2022-07,mom,4.3,2023-07,review,2015-16,0,https://www.pbs.gov.pk/sites/default/files/price_statistics/cpi/Monthly_Review_July_2023.pdf,fa7dd7a3ab32c3c489c5b75adc2cab0c509f27fe6cfdd9198b60f4d102965676
2025-03,yoy,0.7,2025-03,review,2015-16,0,https://www.pbs.gov.pk/sites/default/files/price_statistics/cpi/Monthly_Review_March_2025.pdf,3045fefe63f3bc4a57a0847e4ae08dfadf310e16a7f9698c15e5bb9ad89124b0
2025-02,yoy,1.5,2025-03,review,2015-16,0,https://www.pbs.gov.pk/sites/default/files/price_statistics/cpi/Monthly_Review_March_2025.pdf,3045fefe63f3bc4a57a0847e4ae08dfadf310e16a7f9698c15e5bb9ad89124b0
2024-03,yoy,20.7,2025-03,review,2015-16,0,https://www.pbs.gov.pk/sites/default/files/price_statistics/cpi/Monthly_Review_March_2025.pdf,3045fefe63f3bc4a57a0847e4ae08dfadf310e16a7f9698c15e5bb9ad89124b0
2025-03,mom,0.9,2025-03,review,2015-16,0,https://www.pbs.gov.pk/sites/default/files/price_statistics/cpi/Monthly_Review_March_2025.pdf,3045fefe63f3bc4a57a0847e4ae08dfadf310e16a7f9698c15e5bb9ad89124b0
2025-02,mom,-0.8,2025-03,review,2015-16,0,https://www.pbs.gov.pk/sites/default/files/price_statistics/cpi/Monthly_Review_March_2025.pdf,3045fefe63f3bc4a57a0847e4ae08dfadf310e16a7f9698c15e5bb9ad89124b0
2024-03,mom,1.7,2025-03,review,2015-16,0,https://www.pbs.gov.pk/sites/default/files/price_statistics/cpi/Monthly_Review_March_2025.pdf,3045fefe63f3bc4a57a0847e4ae08dfadf310e16a7f9698c15e5bb9ad89124b0
2024-11,yoy,4.9,2024-11,review,2015-16,0,https://www.pbs.gov.pk/sites/default/files/price_statistics/cpi/Monthly_Review_November_2024.pdf,fc39a09b51df6897a140902868f0125d5f3b4951cac4c95728489060d3d8d223
2024-10,yoy,7.2,2024-11,review,2015-16,0,https://www.pbs.gov.pk/sites/default/files/price_statistics/cpi/Monthly_Review_November_2024.pdf,fc39a09b51df6897a140902868f0125d5f3b4951cac4c95728489060d3d8d223
2023-11,yoy,29.2,2024-11,review,2015-16,0,https://www.pbs.gov.pk/sites/default/files/price_statistics/cpi/Monthly_Review_November_2024.pdf,fc39a09b51df6897a140902868f0125d5f3b4951cac4c95728489060d3d8d223
2024-11,mom,0.5,2024-11,review,2015-16,0,https://www.pbs.gov.pk/sites/default/files/price_statistics/cpi/Monthly_Review_November_2024.pdf,fc39a09b51df6897a140902868f0125d5f3b4951cac4c95728489060d3d8d223
2024-10,mom,1.2,2024-11,review,2015-16,0,https://www.pbs.gov.pk/sites/default/files/price_statistics/cpi/Monthly_Review_November_2024.pdf,fc39a09b51df6897a140902868f0125d5f3b4951cac4c95728489060d3d8d223
2023-11,mom,2.7,2024-11,review,2015-16,0,https://www.pbs.gov.pk/sites/default/files/price_statistics/cpi/Monthly_Review_November_2024.pdf,fc39a09b51df6897a140902868f0125d5f3b4951cac4c95728489060d3d8d223
2023-10,yoy,26.9,2023-10,review,2015-16,0,https://www.pbs.gov.pk/sites/default/files/price_statistics/cpi/Monthly_Review_October_2023.pdf,9e9b31133ea250d402181016b9add970fcfb3f03b405d0600bc54bff9089f299
2023-09,yoy,31.4,2023-10,review,2015-16,0,https://www.pbs.gov.pk/sites/default/files/price_statistics/cpi/Monthly_Review_October_2023.pdf,9e9b31133ea250d402181016b9add970fcfb3f03b405d0600bc54bff9089f299
2022-10,yoy,26.6,2023-10,review,2015-16,0,https://www.pbs.gov.pk/sites/default/files/price_statistics/cpi/Monthly_Review_October_2023.pdf,9e9b31133ea250d402181016b9add970fcfb3f03b405d0600bc54bff9089f299
2023-10,mom,1.1,2023-10,review,2015-16,0,https://www.pbs.gov.pk/sites/default/files/price_statistics/cpi/Monthly_Review_October_2023.pdf,9e9b31133ea250d402181016b9add970fcfb3f03b405d0600bc54bff9089f299
2023-09,mom,2.0,2023-10,review,2015-16,0,https://www.pbs.gov.pk/sites/default/files/price_statistics/cpi/Monthly_Review_October_2023.pdf,9e9b31133ea250d402181016b9add970fcfb3f03b405d0600bc54bff9089f299
2022-10,mom,4.7,2023-10,review,2015-16,0,https://www.pbs.gov.pk/sites/default/files/price_statistics/cpi/Monthly_Review_October_2023.pdf,9e9b31133ea250d402181016b9add970fcfb3f03b405d0600bc54bff9089f299
2024-10,yoy,7.2,2024-10,review,2015-16,0,https://www.pbs.gov.pk/sites/default/files/price_statistics/cpi/Monthly_Review_October_2024.pdf,cda140358c992b1eb933629a24fca3bc0aaa071b896eb686bc86bc8e8278c17e
2024-09,yoy,6.9,2024-10,review,2015-16,0,https://www.pbs.gov.pk/sites/default/files/price_statistics/cpi/Monthly_Review_October_2024.pdf,cda140358c992b1eb933629a24fca3bc0aaa071b896eb686bc86bc8e8278c17e
2023-10,yoy,26.8,2024-10,review,2015-16,0,https://www.pbs.gov.pk/sites/default/files/price_statistics/cpi/Monthly_Review_October_2024.pdf,cda140358c992b1eb933629a24fca3bc0aaa071b896eb686bc86bc8e8278c17e
2024-10,mom,1.2,2024-10,review,2015-16,0,https://www.pbs.gov.pk/sites/default/files/price_statistics/cpi/Monthly_Review_October_2024.pdf,cda140358c992b1eb933629a24fca3bc0aaa071b896eb686bc86bc8e8278c17e
2024-09,mom,-0.5,2024-10,review,2015-16,0,https://www.pbs.gov.pk/sites/default/files/price_statistics/cpi/Monthly_Review_October_2024.pdf,cda140358c992b1eb933629a24fca3bc0aaa071b896eb686bc86bc8e8278c17e
2023-10,mom,1.0,2024-10,review,2015-16,0,https://www.pbs.gov.pk/sites/default/files/price_statistics/cpi/Monthly_Review_October_2024.pdf,cda140358c992b1eb933629a24fca3bc0aaa071b896eb686bc86bc8e8278c17e
2023-09,yoy,31.4,2023-09,review,2015-16,0,https://www.pbs.gov.pk/sites/default/files/price_statistics/cpi/Monthly_Review_September_2023.pdf,9b729aed7d014da5f1b7e5faa49b9074b1d51750095264e14195fb4c979b9fd5
2023-09,mom,2.0,2023-09,review,2015-16,0,https://www.pbs.gov.pk/sites/default/files/price_statistics/cpi/Monthly_Review_September_2023.pdf,9b729aed7d014da5f1b7e5faa49b9074b1d51750095264e14195fb4c979b9fd5
2023-08,mom,1.7,2023-09,review,2015-16,0,https://www.pbs.gov.pk/sites/default/files/price_statistics/cpi/Monthly_Review_September_2023.pdf,9b729aed7d014da5f1b7e5faa49b9074b1d51750095264e14195fb4c979b9fd5
2022-09,mom,-1.2,2023-09,review,2015-16,0,https://www.pbs.gov.pk/sites/default/files/price_statistics/cpi/Monthly_Review_September_2023.pdf,9b729aed7d014da5f1b7e5faa49b9074b1d51750095264e14195fb4c979b9fd5
2025-08,mom,-0.65,2025-08,press_release,2015-16,0,https://www.pbs.gov.pk/sites/default/files/price_statistics/cpi/Press%20Release%20August%2C%202025.pdf,1d39bae7a5960b0325aa816fada362c2789d55b70897216825ed2299a8c94038
2025-08,yoy,2.99,2025-08,press_release,2015-16,0,https://www.pbs.gov.pk/sites/default/files/price_statistics/cpi/Press%20Release%20August%2C%202025.pdf,1d39bae7a5960b0325aa816fada362c2789d55b70897216825ed2299a8c94038
2025-05,mom,-0.17,2025-05,press_release,2015-16,0,https://www.pbs.gov.pk/sites/default/files/price_statistics/cpi/Press%20Release%20May%2C%202025.pdf,aec58162ee149201a72f57660f3f1f2edce7f88a3a817aa708d9ebb675a3d1ca
2025-05,yoy,3.46,2025-05,press_release,2015-16,0,https://www.pbs.gov.pk/sites/default/files/price_statistics/cpi/Press%20Release%20May%2C%202025.pdf,aec58162ee149201a72f57660f3f1f2edce7f88a3a817aa708d9ebb675a3d1ca
2022-02,yoy,12.2,2022-02,review,2015-16,0,https://www.pbs.gov.pk/sites/default/files/price_statistics/cpi/cpi_monthly_review_february_2022.pdf,52bd49c5d8a7c7033589a9f471396aa7f4aae2e4b5d368cb8d4de62523e02029
2022-01,yoy,13.0,2022-02,review,2015-16,0,https://www.pbs.gov.pk/sites/default/files/price_statistics/cpi/cpi_monthly_review_february_2022.pdf,52bd49c5d8a7c7033589a9f471396aa7f4aae2e4b5d368cb8d4de62523e02029
2021-02,yoy,8.7,2022-02,review,2015-16,0,https://www.pbs.gov.pk/sites/default/files/price_statistics/cpi/cpi_monthly_review_february_2022.pdf,52bd49c5d8a7c7033589a9f471396aa7f4aae2e4b5d368cb8d4de62523e02029
2022-02,mom,1.2,2022-02,review,2015-16,0,https://www.pbs.gov.pk/sites/default/files/price_statistics/cpi/cpi_monthly_review_february_2022.pdf,52bd49c5d8a7c7033589a9f471396aa7f4aae2e4b5d368cb8d4de62523e02029
2022-01,yoy,13.0,2022-01,review,2015-16,0,https://www.pbs.gov.pk/sites/default/files/price_statistics/cpi/cpi_monthly_review_january_2022.pdf,58a6ff1cefa77ecd1ac9a833f7bf5eeea59b57f38935a8b3b3901b214174c78e
2021-12,yoy,12.3,2022-01,review,2015-16,0,https://www.pbs.gov.pk/sites/default/files/price_statistics/cpi/cpi_monthly_review_january_2022.pdf,58a6ff1cefa77ecd1ac9a833f7bf5eeea59b57f38935a8b3b3901b214174c78e
2021-01,yoy,5.7,2022-01,review,2015-16,0,https://www.pbs.gov.pk/sites/default/files/price_statistics/cpi/cpi_monthly_review_january_2022.pdf,58a6ff1cefa77ecd1ac9a833f7bf5eeea59b57f38935a8b3b3901b214174c78e
2022-01,mom,0.4,2022-01,review,2015-16,0,https://www.pbs.gov.pk/sites/default/files/price_statistics/cpi/cpi_monthly_review_january_2022.pdf,58a6ff1cefa77ecd1ac9a833f7bf5eeea59b57f38935a8b3b3901b214174c78e
2022-03,yoy,12.7,2022-03,review,2015-16,0,https://www.pbs.gov.pk/sites/default/files/price_statistics/cpi/cpi_monthly_review_march_2022.pdf,d6c6b77182041ed1839610717eaea5c46e7ece7dca1f752bec02c709220e32a6
2022-02,yoy,12.2,2022-03,review,2015-16,0,https://www.pbs.gov.pk/sites/default/files/price_statistics/cpi/cpi_monthly_review_march_2022.pdf,d6c6b77182041ed1839610717eaea5c46e7ece7dca1f752bec02c709220e32a6
2021-03,yoy,9.1,2022-03,review,2015-16,0,https://www.pbs.gov.pk/sites/default/files/price_statistics/cpi/cpi_monthly_review_march_2022.pdf,d6c6b77182041ed1839610717eaea5c46e7ece7dca1f752bec02c709220e32a6
2022-03,mom,0.8,2022-03,review,2015-16,0,https://www.pbs.gov.pk/sites/default/files/price_statistics/cpi/cpi_monthly_review_march_2022.pdf,d6c6b77182041ed1839610717eaea5c46e7ece7dca1f752bec02c709220e32a6
2020-06,yoy,8.6,2020-06,review,2015-16,0,https://www.pbs.gov.pk/sites/default/files/price_statistics/cpi/cpi_reivew_june_2020.pdf,2dddc4267748776c6b792343cc935c0ad24d4c332c1ef2be67c838dfe9ed7824
2020-05,yoy,8.2,2020-06,review,2015-16,0,https://www.pbs.gov.pk/sites/default/files/price_statistics/cpi/cpi_reivew_june_2020.pdf,2dddc4267748776c6b792343cc935c0ad24d4c332c1ef2be67c838dfe9ed7824
2019-06,yoy,8.0,2020-06,review,2015-16,0,https://www.pbs.gov.pk/sites/default/files/price_statistics/cpi/cpi_reivew_june_2020.pdf,2dddc4267748776c6b792343cc935c0ad24d4c332c1ef2be67c838dfe9ed7824
2020-06,mom,0.8,2020-06,review,2015-16,0,https://www.pbs.gov.pk/sites/default/files/price_statistics/cpi/cpi_reivew_june_2020.pdf,2dddc4267748776c6b792343cc935c0ad24d4c332c1ef2be67c838dfe9ed7824
2020-05,mom,0.3,2020-06,review,2015-16,0,https://www.pbs.gov.pk/sites/default/files/price_statistics/cpi/cpi_reivew_june_2020.pdf,2dddc4267748776c6b792343cc935c0ad24d4c332c1ef2be67c838dfe9ed7824
2019-06,mom,0.5,2020-06,review,2015-16,0,https://www.pbs.gov.pk/sites/default/files/price_statistics/cpi/cpi_reivew_june_2020.pdf,2dddc4267748776c6b792343cc935c0ad24d4c332c1ef2be67c838dfe9ed7824
2020-07,yoy,9.3,2020-07,review,2015-16,0,https://www.pbs.gov.pk/sites/default/files/price_statistics/cpi/cpi_review_July_2020.pdf,c727a5a4ddeef00678c473be549a8d51c0006d6a821b401763c4bf06c926a5fc
2020-06,yoy,8.6,2020-07,review,2015-16,0,https://www.pbs.gov.pk/sites/default/files/price_statistics/cpi/cpi_review_July_2020.pdf,c727a5a4ddeef00678c473be549a8d51c0006d6a821b401763c4bf06c926a5fc
2019-07,yoy,8.4,2020-07,review,2015-16,0,https://www.pbs.gov.pk/sites/default/files/price_statistics/cpi/cpi_review_July_2020.pdf,c727a5a4ddeef00678c473be549a8d51c0006d6a821b401763c4bf06c926a5fc
2020-07,mom,2.5,2020-07,review,2015-16,0,https://www.pbs.gov.pk/sites/default/files/price_statistics/cpi/cpi_review_July_2020.pdf,c727a5a4ddeef00678c473be549a8d51c0006d6a821b401763c4bf06c926a5fc
2020-06,mom,0.8,2020-07,review,2015-16,0,https://www.pbs.gov.pk/sites/default/files/price_statistics/cpi/cpi_review_July_2020.pdf,c727a5a4ddeef00678c473be549a8d51c0006d6a821b401763c4bf06c926a5fc
2019-07,mom,1.8,2020-07,review,2015-16,0,https://www.pbs.gov.pk/sites/default/files/price_statistics/cpi/cpi_review_July_2020.pdf,c727a5a4ddeef00678c473be549a8d51c0006d6a821b401763c4bf06c926a5fc
2020-04,yoy,8.5,2020-04,review,2015-16,0,https://www.pbs.gov.pk/sites/default/files/price_statistics/cpi/cpi_review_april_2020.pdf,25fdaa266a9da8ad96d98708f2a8340d8d4670de036c028b4f7ad89dddd2421d
2020-03,yoy,10.2,2020-04,review,2015-16,0,https://www.pbs.gov.pk/sites/default/files/price_statistics/cpi/cpi_review_april_2020.pdf,25fdaa266a9da8ad96d98708f2a8340d8d4670de036c028b4f7ad89dddd2421d
2019-04,yoy,8.3,2020-04,review,2015-16,0,https://www.pbs.gov.pk/sites/default/files/price_statistics/cpi/cpi_review_april_2020.pdf,25fdaa266a9da8ad96d98708f2a8340d8d4670de036c028b4f7ad89dddd2421d
2020-04,mom,-0.8,2020-04,review,2015-16,0,https://www.pbs.gov.pk/sites/default/files/price_statistics/cpi/cpi_review_april_2020.pdf,25fdaa266a9da8ad96d98708f2a8340d8d4670de036c028b4f7ad89dddd2421d
2020-03,mom,0.04,2020-04,review,2015-16,0,https://www.pbs.gov.pk/sites/default/files/price_statistics/cpi/cpi_review_april_2020.pdf,25fdaa266a9da8ad96d98708f2a8340d8d4670de036c028b4f7ad89dddd2421d
2019-04,mom,0.7,2020-04,review,2015-16,0,https://www.pbs.gov.pk/sites/default/files/price_statistics/cpi/cpi_review_april_2020.pdf,25fdaa266a9da8ad96d98708f2a8340d8d4670de036c028b4f7ad89dddd2421d
2021-04,yoy,11.1,2021-04,review,2015-16,0,https://www.pbs.gov.pk/sites/default/files/price_statistics/cpi/cpi_review_april_2021.pdf,91bdb84fe8b7b5e0ee8dbef6f541790eaaf8e97ccd7497e17417feb3405b7e30
2021-03,yoy,9.1,2021-04,review,2015-16,0,https://www.pbs.gov.pk/sites/default/files/price_statistics/cpi/cpi_review_april_2021.pdf,91bdb84fe8b7b5e0ee8dbef6f541790eaaf8e97ccd7497e17417feb3405b7e30
2020-04,yoy,8.5,2021-04,review,2015-16,0,https://www.pbs.gov.pk/sites/default/files/price_statistics/cpi/cpi_review_april_2021.pdf,91bdb84fe8b7b5e0ee8dbef6f541790eaaf8e97ccd7497e17417feb3405b7e30
2021-04,mom,1.0,2021-04,review,2015-16,0,https://www.pbs.gov.pk/sites/default/files/price_statistics/cpi/cpi_review_april_2021.pdf,91bdb84fe8b7b5e0ee8dbef6f541790eaaf8e97ccd7497e17417feb3405b7e30
2021-03,mom,0.4,2021-04,review,2015-16,0,https://www.pbs.gov.pk/sites/default/files/price_statistics/cpi/cpi_review_april_2021.pdf,91bdb84fe8b7b5e0ee8dbef6f541790eaaf8e97ccd7497e17417feb3405b7e30
2020-04,mom,-0.8,2021-04,review,2015-16,0,https://www.pbs.gov.pk/sites/default/files/price_statistics/cpi/cpi_review_april_2021.pdf,91bdb84fe8b7b5e0ee8dbef6f541790eaaf8e97ccd7497e17417feb3405b7e30
2019-08,yoy,10.5,2019-08,review,2015-16,0,https://www.pbs.gov.pk/sites/default/files/price_statistics/cpi/cpi_review_august_2019.pdf,d2aa4f24aa2830d428c0b6c47d1dde7fbce4a971b76169f5bf7f8fcbfb61e066
2019-07,yoy,8.4,2019-08,review,2015-16,0,https://www.pbs.gov.pk/sites/default/files/price_statistics/cpi/cpi_review_august_2019.pdf,d2aa4f24aa2830d428c0b6c47d1dde7fbce4a971b76169f5bf7f8fcbfb61e066
2018-08,yoy,6.2,2019-08,review,2015-16,0,https://www.pbs.gov.pk/sites/default/files/price_statistics/cpi/cpi_review_august_2019.pdf,d2aa4f24aa2830d428c0b6c47d1dde7fbce4a971b76169f5bf7f8fcbfb61e066
2019-08,mom,1.6,2019-08,review,2015-16,0,https://www.pbs.gov.pk/sites/default/files/price_statistics/cpi/cpi_review_august_2019.pdf,d2aa4f24aa2830d428c0b6c47d1dde7fbce4a971b76169f5bf7f8fcbfb61e066
2019-07,mom,1.8,2019-08,review,2015-16,0,https://www.pbs.gov.pk/sites/default/files/price_statistics/cpi/cpi_review_august_2019.pdf,d2aa4f24aa2830d428c0b6c47d1dde7fbce4a971b76169f5bf7f8fcbfb61e066
2018-08,mom,-0.3,2019-08,review,2015-16,0,https://www.pbs.gov.pk/sites/default/files/price_statistics/cpi/cpi_review_august_2019.pdf,d2aa4f24aa2830d428c0b6c47d1dde7fbce4a971b76169f5bf7f8fcbfb61e066
2021-08,yoy,8.4,2021-08,review,2015-16,0,https://www.pbs.gov.pk/sites/default/files/price_statistics/cpi/cpi_review_august_2021.pdf,193e71240cd59f19547417b541f27323b17729116028629bfb082e4dd5aafe83
2021-07,yoy,8.4,2021-08,review,2015-16,0,https://www.pbs.gov.pk/sites/default/files/price_statistics/cpi/cpi_review_august_2021.pdf,193e71240cd59f19547417b541f27323b17729116028629bfb082e4dd5aafe83
2020-08,yoy,8.2,2021-08,review,2015-16,0,https://www.pbs.gov.pk/sites/default/files/price_statistics/cpi/cpi_review_august_2021.pdf,193e71240cd59f19547417b541f27323b17729116028629bfb082e4dd5aafe83
2021-08,mom,0.6,2021-08,review,2015-16,0,https://www.pbs.gov.pk/sites/default/files/price_statistics/cpi/cpi_review_august_2021.pdf,193e71240cd59f19547417b541f27323b17729116028629bfb082e4dd5aafe83
2019-12,yoy,12.6,2019-12,review,2015-16,0,https://www.pbs.gov.pk/sites/default/files/price_statistics/cpi/cpi_review_december_2019.pdf,2acb2ba3c0167cdf4b48c4e73d546ebd3fbf9ba69e88fd9634b5f766c158012d
2019-11,yoy,12.7,2019-12,review,2015-16,0,https://www.pbs.gov.pk/sites/default/files/price_statistics/cpi/cpi_review_december_2019.pdf,2acb2ba3c0167cdf4b48c4e73d546ebd3fbf9ba69e88fd9634b5f766c158012d
2018-12,yoy,5.4,2019-12,review,2015-16,0,https://www.pbs.gov.pk/sites/default/files/price_statistics/cpi/cpi_review_december_2019.pdf,2acb2ba3c0167cdf4b48c4e73d546ebd3fbf9ba69e88fd9634b5f766c158012d
2019-12,mom,-0.3,2019-12,review,2015-16,0,https://www.pbs.gov.pk/sites/default/files/price_statistics/cpi/cpi_review_december_2019.pdf,2acb2ba3c0167cdf4b48c4e73d546ebd3fbf9ba69e88fd9634b5f766c158012d
2019-11,mom,1.3,2019-12,review,2015-16,0,https://www.pbs.gov.pk/sites/default/files/price_statistics/cpi/cpi_review_december_2019.pdf,2acb2ba3c0167cdf4b48c4e73d546ebd3fbf9ba69e88fd9634b5f766c158012d
2018-12,mom,-0.3,2019-12,review,2015-16,0,https://www.pbs.gov.pk/sites/default/files/price_statistics/cpi/cpi_review_december_2019.pdf,2acb2ba3c0167cdf4b48c4e73d546ebd3fbf9ba69e88fd9634b5f766c158012d
2021-12,yoy,12.3,2021-12,review,2015-16,0,https://www.pbs.gov.pk/sites/default/files/price_statistics/cpi/cpi_review_december_2021.pdf,52ad4ec02ce947466f65e3eba50a893df0b42af6f0bcb0627af4a75fef8bb053
2021-11,yoy,11.5,2021-12,review,2015-16,0,https://www.pbs.gov.pk/sites/default/files/price_statistics/cpi/cpi_review_december_2021.pdf,52ad4ec02ce947466f65e3eba50a893df0b42af6f0bcb0627af4a75fef8bb053
2020-12,yoy,8.0,2021-12,review,2015-16,0,https://www.pbs.gov.pk/sites/default/files/price_statistics/cpi/cpi_review_december_2021.pdf,52ad4ec02ce947466f65e3eba50a893df0b42af6f0bcb0627af4a75fef8bb053
2020-02,yoy,12.4,2020-02,review,2015-16,0,https://www.pbs.gov.pk/sites/default/files/price_statistics/cpi/cpi_review_february_2020.pdf,432611a8e32ad19eb3f0912725790b0e806c386e8529dc3e122832ab93d1a2ce
2020-01,yoy,14.6,2020-02,review,2015-16,0,https://www.pbs.gov.pk/sites/default/files/price_statistics/cpi/cpi_review_february_2020.pdf,432611a8e32ad19eb3f0912725790b0e806c386e8529dc3e122832ab93d1a2ce
2019-02,yoy,6.8,2020-02,review,2015-16,0,https://www.pbs.gov.pk/sites/default/files/price_statistics/cpi/cpi_review_february_2020.pdf,432611a8e32ad19eb3f0912725790b0e806c386e8529dc3e122832ab93d1a2ce
2020-02,mom,-1.0,2020-02,review,2015-16,0,https://www.pbs.gov.pk/sites/default/files/price_statistics/cpi/cpi_review_february_2020.pdf,432611a8e32ad19eb3f0912725790b0e806c386e8529dc3e122832ab93d1a2ce
2021-02,yoy,8.7,2021-02,review,2015-16,0,https://www.pbs.gov.pk/sites/default/files/price_statistics/cpi/cpi_review_february_2021.pdf,5bae83ac821b169e3abc52eb2b0750ebef50ef83c28bdea1f74dfec8f807ec09
2021-02,mom,1.8,2021-02,review,2015-16,0,https://www.pbs.gov.pk/sites/default/files/price_statistics/cpi/cpi_review_february_2021.pdf,5bae83ac821b169e3abc52eb2b0750ebef50ef83c28bdea1f74dfec8f807ec09
2021-01,mom,-0.2,2021-02,review,2015-16,0,https://www.pbs.gov.pk/sites/default/files/price_statistics/cpi/cpi_review_february_2021.pdf,5bae83ac821b169e3abc52eb2b0750ebef50ef83c28bdea1f74dfec8f807ec09
2020-02,mom,-1.0,2021-02,review,2015-16,0,https://www.pbs.gov.pk/sites/default/files/price_statistics/cpi/cpi_review_february_2021.pdf,5bae83ac821b169e3abc52eb2b0750ebef50ef83c28bdea1f74dfec8f807ec09
2020-01,yoy,14.6,2020-01,review,2015-16,0,https://www.pbs.gov.pk/sites/default/files/price_statistics/cpi/cpi_review_january_2020.pdf,6ddb5d0564fcc4a70a296395ac970e7142bd0352b93671b9165e2ac3cade7051
2019-12,yoy,12.6,2020-01,review,2015-16,0,https://www.pbs.gov.pk/sites/default/files/price_statistics/cpi/cpi_review_january_2020.pdf,6ddb5d0564fcc4a70a296395ac970e7142bd0352b93671b9165e2ac3cade7051
2019-01,yoy,5.6,2020-01,review,2015-16,0,https://www.pbs.gov.pk/sites/default/files/price_statistics/cpi/cpi_review_january_2020.pdf,6ddb5d0564fcc4a70a296395ac970e7142bd0352b93671b9165e2ac3cade7051
2020-01,mom,2.0,2020-01,review,2015-16,0,https://www.pbs.gov.pk/sites/default/files/price_statistics/cpi/cpi_review_january_2020.pdf,6ddb5d0564fcc4a70a296395ac970e7142bd0352b93671b9165e2ac3cade7051
2021-01,yoy,5.7,2021-01,review,2015-16,0,https://www.pbs.gov.pk/sites/default/files/price_statistics/cpi/cpi_review_january_2021.pdf,cf850d29538964287a9f280c7843943ee14751fc8dea1e12de14852aaa5e2177
2020-12,yoy,8.0,2021-01,review,2015-16,0,https://www.pbs.gov.pk/sites/default/files/price_statistics/cpi/cpi_review_january_2021.pdf,cf850d29538964287a9f280c7843943ee14751fc8dea1e12de14852aaa5e2177
2020-01,yoy,14.6,2021-01,review,2015-16,0,https://www.pbs.gov.pk/sites/default/files/price_statistics/cpi/cpi_review_january_2021.pdf,cf850d29538964287a9f280c7843943ee14751fc8dea1e12de14852aaa5e2177
2021-01,mom,-0.2,2021-01,review,2015-16,0,https://www.pbs.gov.pk/sites/default/files/price_statistics/cpi/cpi_review_january_2021.pdf,cf850d29538964287a9f280c7843943ee14751fc8dea1e12de14852aaa5e2177
2020-12,mom,-0.7,2021-01,review,2015-16,0,https://www.pbs.gov.pk/sites/default/files/price_statistics/cpi/cpi_review_january_2021.pdf,cf850d29538964287a9f280c7843943ee14751fc8dea1e12de14852aaa5e2177
2020-01,mom,2.0,2021-01,review,2015-16,0,https://www.pbs.gov.pk/sites/default/files/price_statistics/cpi/cpi_review_january_2021.pdf,cf850d29538964287a9f280c7843943ee14751fc8dea1e12de14852aaa5e2177
2021-07,yoy,8.4,2021-07,review,2015-16,0,https://www.pbs.gov.pk/sites/default/files/price_statistics/cpi/cpi_review_july_2021.pdf,09ec40e61ca49f843f6e4342c3decfebaa1ec102b89cfd461a653e07b5775b62
2021-06,yoy,9.7,2021-07,review,2015-16,0,https://www.pbs.gov.pk/sites/default/files/price_statistics/cpi/cpi_review_july_2021.pdf,09ec40e61ca49f843f6e4342c3decfebaa1ec102b89cfd461a653e07b5775b62
2020-07,yoy,9.3,2021-07,review,2015-16,0,https://www.pbs.gov.pk/sites/default/files/price_statistics/cpi/cpi_review_july_2021.pdf,09ec40e61ca49f843f6e4342c3decfebaa1ec102b89cfd461a653e07b5775b62
2021-07,mom,1.3,2021-07,review,2015-16,0,https://www.pbs.gov.pk/sites/default/files/price_statistics/cpi/cpi_review_july_2021.pdf,09ec40e61ca49f843f6e4342c3decfebaa1ec102b89cfd461a653e07b5775b62
2021-06,mom,-0.2,2021-07,review,2015-16,0,https://www.pbs.gov.pk/sites/default/files/price_statistics/cpi/cpi_review_july_2021.pdf,09ec40e61ca49f843f6e4342c3decfebaa1ec102b89cfd461a653e07b5775b62
2020-07,mom,2.5,2021-07,review,2015-16,0,https://www.pbs.gov.pk/sites/default/files/price_statistics/cpi/cpi_review_july_2021.pdf,09ec40e61ca49f843f6e4342c3decfebaa1ec102b89cfd461a653e07b5775b62
2021-06,yoy,9.7,2021-06,review,2015-16,0,https://www.pbs.gov.pk/sites/default/files/price_statistics/cpi/cpi_review_june_2021.pdf,8ea0578d8df4da7b16d70cdc6d7fb46a51ba6cc8b5a59f662dc9f6003b54c6e1
2021-05,yoy,10.9,2021-06,review,2015-16,0,https://www.pbs.gov.pk/sites/default/files/price_statistics/cpi/cpi_review_june_2021.pdf,8ea0578d8df4da7b16d70cdc6d7fb46a51ba6cc8b5a59f662dc9f6003b54c6e1
2020-06,yoy,8.6,2021-06,review,2015-16,0,https://www.pbs.gov.pk/sites/default/files/price_statistics/cpi/cpi_review_june_2021.pdf,8ea0578d8df4da7b16d70cdc6d7fb46a51ba6cc8b5a59f662dc9f6003b54c6e1
2021-06,mom,-0.3,2021-06,review,2015-16,0,https://www.pbs.gov.pk/sites/default/files/price_statistics/cpi/cpi_review_june_2021.pdf,8ea0578d8df4da7b16d70cdc6d7fb46a51ba6cc8b5a59f662dc9f6003b54c6e1
2021-05,mom,0.1,2021-06,review,2015-16,0,https://www.pbs.gov.pk/sites/default/files/price_statistics/cpi/cpi_review_june_2021.pdf,8ea0578d8df4da7b16d70cdc6d7fb46a51ba6cc8b5a59f662dc9f6003b54c6e1
2020-06,mom,0.8,2021-06,review,2015-16,0,https://www.pbs.gov.pk/sites/default/files/price_statistics/cpi/cpi_review_june_2021.pdf,8ea0578d8df4da7b16d70cdc6d7fb46a51ba6cc8b5a59f662dc9f6003b54c6e1
2020-03,yoy,10.2,2020-03,review,2015-16,0,https://www.pbs.gov.pk/sites/default/files/price_statistics/cpi/cpi_review_march_2020.pdf,5da167fa71eef02a8bd3ca0a76260ea0e181309f1941d5d73fb38327ad7ab0b0
2020-02,yoy,12.4,2020-03,review,2015-16,0,https://www.pbs.gov.pk/sites/default/files/price_statistics/cpi/cpi_review_march_2020.pdf,5da167fa71eef02a8bd3ca0a76260ea0e181309f1941d5d73fb38327ad7ab0b0
2019-03,yoy,8.6,2020-03,review,2015-16,0,https://www.pbs.gov.pk/sites/default/files/price_statistics/cpi/cpi_review_march_2020.pdf,5da167fa71eef02a8bd3ca0a76260ea0e181309f1941d5d73fb38327ad7ab0b0
2020-03,mom,0.04,2020-03,review,2015-16,0,https://www.pbs.gov.pk/sites/default/files/price_statistics/cpi/cpi_review_march_2020.pdf,5da167fa71eef02a8bd3ca0a76260ea0e181309f1941d5d73fb38327ad7ab0b0
2020-02,mom,-1.0,2020-03,review,2015-16,0,https://www.pbs.gov.pk/sites/default/files/price_statistics/cpi/cpi_review_march_2020.pdf,5da167fa71eef02a8bd3ca0a76260ea0e181309f1941d5d73fb38327ad7ab0b0
2019-03,mom,2.0,2020-03,review,2015-16,0,https://www.pbs.gov.pk/sites/default/files/price_statistics/cpi/cpi_review_march_2020.pdf,5da167fa71eef02a8bd3ca0a76260ea0e181309f1941d5d73fb38327ad7ab0b0
2021-03,yoy,9.1,2021-03,review,2015-16,0,https://www.pbs.gov.pk/sites/default/files/price_statistics/cpi/cpi_review_march_2021.pdf,cfb49ff9a4b220bbe94a25a44cdc2c48727d93a80c9ea60051e393435a9634ff
2021-02,yoy,8.7,2021-03,review,2015-16,0,https://www.pbs.gov.pk/sites/default/files/price_statistics/cpi/cpi_review_march_2021.pdf,cfb49ff9a4b220bbe94a25a44cdc2c48727d93a80c9ea60051e393435a9634ff
2020-03,yoy,10.2,2021-03,review,2015-16,0,https://www.pbs.gov.pk/sites/default/files/price_statistics/cpi/cpi_review_march_2021.pdf,cfb49ff9a4b220bbe94a25a44cdc2c48727d93a80c9ea60051e393435a9634ff
2021-03,mom,0.4,2021-03,review,2015-16,0,https://www.pbs.gov.pk/sites/default/files/price_statistics/cpi/cpi_review_march_2021.pdf,cfb49ff9a4b220bbe94a25a44cdc2c48727d93a80c9ea60051e393435a9634ff
2021-02,mom,1.8,2021-03,review,2015-16,0,https://www.pbs.gov.pk/sites/default/files/price_statistics/cpi/cpi_review_march_2021.pdf,cfb49ff9a4b220bbe94a25a44cdc2c48727d93a80c9ea60051e393435a9634ff
2020-03,mom,0.02,2021-03,review,2015-16,0,https://www.pbs.gov.pk/sites/default/files/price_statistics/cpi/cpi_review_march_2021.pdf,cfb49ff9a4b220bbe94a25a44cdc2c48727d93a80c9ea60051e393435a9634ff
2020-05,yoy,8.2,2020-05,review,2015-16,0,https://www.pbs.gov.pk/sites/default/files/price_statistics/cpi/cpi_review_may_2020.pdf,b086a92ccd2e3bfc95b58821cd208720aee11e5d7f34a12117b4a2ec473c90b6
2020-04,yoy,8.5,2020-05,review,2015-16,0,https://www.pbs.gov.pk/sites/default/files/price_statistics/cpi/cpi_review_may_2020.pdf,b086a92ccd2e3bfc95b58821cd208720aee11e5d7f34a12117b4a2ec473c90b6
2019-05,yoy,8.4,2020-05,review,2015-16,0,https://www.pbs.gov.pk/sites/default/files/price_statistics/cpi/cpi_review_may_2020.pdf,b086a92ccd2e3bfc95b58821cd208720aee11e5d7f34a12117b4a2ec473c90b6
2020-05,mom,0.3,2020-05,review,2015-16,0,https://www.pbs.gov.pk/sites/default/files/price_statistics/cpi/cpi_review_may_2020.pdf,b086a92ccd2e3bfc95b58821cd208720aee11e5d7f34a12117b4a2ec473c90b6
2020-04,mom,-0.8,2020-05,review,2015-16,0,https://www.pbs.gov.pk/sites/default/files/price_statistics/cpi/cpi_review_may_2020.pdf,b086a92ccd2e3bfc95b58821cd208720aee11e5d7f34a12117b4a2ec473c90b6
2019-05,mom,0.6,2020-05,review,2015-16,0,https://www.pbs.gov.pk/sites/default/files/price_statistics/cpi/cpi_review_may_2020.pdf,b086a92ccd2e3bfc95b58821cd208720aee11e5d7f34a12117b4a2ec473c90b6
2021-05,yoy,10.9,2021-05,review,2015-16,0,https://www.pbs.gov.pk/sites/default/files/price_statistics/cpi/cpi_review_may_2021.pdf,7b66f120348cd190e9a088fa10a3f20066ce3501543e52119782d5cae23db81f
2021-04,yoy,11.1,2021-05,review,2015-16,0,https://www.pbs.gov.pk/sites/default/files/price_statistics/cpi/cpi_review_may_2021.pdf,7b66f120348cd190e9a088fa10a3f20066ce3501543e52119782d5cae23db81f
2020-05,yoy,8.2,2021-05,review,2015-16,0,https://www.pbs.gov.pk/sites/default/files/price_statistics/cpi/cpi_review_may_2021.pdf,7b66f120348cd190e9a088fa10a3f20066ce3501543e52119782d5cae23db81f
2021-05,mom,0.1,2021-05,review,2015-16,0,https://www.pbs.gov.pk/sites/default/files/price_statistics/cpi/cpi_review_may_2021.pdf,7b66f120348cd190e9a088fa10a3f20066ce3501543e52119782d5cae23db81f
2019-11,yoy,12.7,2019-11,review,2015-16,0,https://www.pbs.gov.pk/sites/default/files/price_statistics/cpi/cpi_review_november_2019.pdf,2c29095995e01e051b398435effa75af94f9297b9928a62054a8e02c6ad78b81
2019-10,yoy,11.0,2019-11,review,2015-16,0,https://www.pbs.gov.pk/sites/default/files/price_statistics/cpi/cpi_review_november_2019.pdf,2c29095995e01e051b398435effa75af94f9297b9928a62054a8e02c6ad78b81
2018-11,yoy,5.7,2019-11,review,2015-16,0,https://www.pbs.gov.pk/sites/default/files/price_statistics/cpi/cpi_review_november_2019.pdf,2c29095995e01e051b398435effa75af94f9297b9928a62054a8e02c6ad78b81
2019-11,mom,1.3,2019-11,review,2015-16,0,https://www.pbs.gov.pk/sites/default/files/price_statistics/cpi/cpi_review_november_2019.pdf,2c29095995e01e051b398435effa75af94f9297b9928a62054a8e02c6ad78b81
2019-10,mom,1.8,2019-11,review,2015-16,0,https://www.pbs.gov.pk/sites/default/files/price_statistics/cpi/cpi_review_november_2019.pdf,2c29095995e01e051b398435effa75af94f9297b9928a62054a8e02c6ad78b81
2018-11,mom,-0.1,2019-11,review,2015-16,0,https://www.pbs.gov.pk/sites/default/files/price_statistics/cpi/cpi_review_november_2019.pdf,2c29095995e01e051b398435effa75af94f9297b9928a62054a8e02c6ad78b81
2020-11,yoy,8.3,2020-11,review,2015-16,0,https://www.pbs.gov.pk/sites/default/files/price_statistics/cpi/cpi_review_november_2020.pdf,5bd388f280f58c0178c4c1a086656a172b14f303c59f600591bacc2f26260d67
2020-10,yoy,8.9,2020-11,review,2015-16,0,https://www.pbs.gov.pk/sites/default/files/price_statistics/cpi/cpi_review_november_2020.pdf,5bd388f280f58c0178c4c1a086656a172b14f303c59f600591bacc2f26260d67
2019-11,yoy,12.7,2020-11,review,2015-16,0,https://www.pbs.gov.pk/sites/default/files/price_statistics/cpi/cpi_review_november_2020.pdf,5bd388f280f58c0178c4c1a086656a172b14f303c59f600591bacc2f26260d67
2020-11,mom,0.8,2020-11,review,2015-16,0,https://www.pbs.gov.pk/sites/default/files/price_statistics/cpi/cpi_review_november_2020.pdf,5bd388f280f58c0178c4c1a086656a172b14f303c59f600591bacc2f26260d67
2020-10,mom,1.7,2020-11,review,2015-16,0,https://www.pbs.gov.pk/sites/default/files/price_statistics/cpi/cpi_review_november_2020.pdf,5bd388f280f58c0178c4c1a086656a172b14f303c59f600591bacc2f26260d67
2019-11,mom,1.3,2020-11,review,2015-16,0,https://www.pbs.gov.pk/sites/default/files/price_statistics/cpi/cpi_review_november_2020.pdf,5bd388f280f58c0178c4c1a086656a172b14f303c59f600591bacc2f26260d67
2021-11,yoy,11.5,2021-11,review,2015-16,0,https://www.pbs.gov.pk/sites/default/files/price_statistics/cpi/cpi_review_november_2021.pdf,85ec33d327359d50d0ee75342419566fd56d88891b79373711b85320b797aa54
2021-10,yoy,9.2,2021-11,review,2015-16,0,https://www.pbs.gov.pk/sites/default/files/price_statistics/cpi/cpi_review_november_2021.pdf,85ec33d327359d50d0ee75342419566fd56d88891b79373711b85320b797aa54
2020-11,yoy,8.3,2021-11,review,2015-16,0,https://www.pbs.gov.pk/sites/default/files/price_statistics/cpi/cpi_review_november_2021.pdf,85ec33d327359d50d0ee75342419566fd56d88891b79373711b85320b797aa54
2021-11,mom,3.0,2021-11,review,2015-16,0,https://www.pbs.gov.pk/sites/default/files/price_statistics/cpi/cpi_review_november_2021.pdf,85ec33d327359d50d0ee75342419566fd56d88891b79373711b85320b797aa54
2019-10,yoy,11.0,2019-10,review,2015-16,0,https://www.pbs.gov.pk/sites/default/files/price_statistics/cpi/cpi_review_october_2019.pdf,78f241e50b3662e9cf7c2704ff0fa3236abf998513bb952d007cfa9cf65d3339
2019-09,yoy,11.4,2019-10,review,2015-16,0,https://www.pbs.gov.pk/sites/default/files/price_statistics/cpi/cpi_review_october_2019.pdf,78f241e50b3662e9cf7c2704ff0fa3236abf998513bb952d007cfa9cf65d3339
2018-10,yoy,6.5,2019-10,review,2015-16,0,https://www.pbs.gov.pk/sites/default/files/price_statistics/cpi/cpi_review_october_2019.pdf,78f241e50b3662e9cf7c2704ff0fa3236abf998513bb952d007cfa9cf65d3339
2019-10,mom,1.8,2019-10,review,2015-16,0,https://www.pbs.gov.pk/sites/default/files/price_statistics/cpi/cpi_review_october_2019.pdf,78f241e50b3662e9cf7c2704ff0fa3236abf998513bb952d007cfa9cf65d3339
2019-09,mom,0.8,2019-10,review,2015-16,0,https://www.pbs.gov.pk/sites/default/files/price_statistics/cpi/cpi_review_october_2019.pdf,78f241e50b3662e9cf7c2704ff0fa3236abf998513bb952d007cfa9cf65d3339
2018-10,mom,2.1,2019-10,review,2015-16,0,https://www.pbs.gov.pk/sites/default/files/price_statistics/cpi/cpi_review_october_2019.pdf,78f241e50b3662e9cf7c2704ff0fa3236abf998513bb952d007cfa9cf65d3339
2020-10,yoy,8.9,2020-10,review,2015-16,0,https://www.pbs.gov.pk/sites/default/files/price_statistics/cpi/cpi_review_october_2020.pdf,2cc484e5e7288a667564ab5373ccfb39d2de9552e933d40c541724d745c37da3
2020-09,yoy,9.0,2020-10,review,2015-16,0,https://www.pbs.gov.pk/sites/default/files/price_statistics/cpi/cpi_review_october_2020.pdf,2cc484e5e7288a667564ab5373ccfb39d2de9552e933d40c541724d745c37da3
2019-10,yoy,11.0,2020-10,review,2015-16,0,https://www.pbs.gov.pk/sites/default/files/price_statistics/cpi/cpi_review_october_2020.pdf,2cc484e5e7288a667564ab5373ccfb39d2de9552e933d40c541724d745c37da3
2020-10,mom,1.7,2020-10,review,2015-16,0,https://www.pbs.gov.pk/sites/default/files/price_statistics/cpi/cpi_review_october_2020.pdf,2cc484e5e7288a667564ab5373ccfb39d2de9552e933d40c541724d745c37da3
2020-09,mom,1.5,2020-10,review,2015-16,0,https://www.pbs.gov.pk/sites/default/files/price_statistics/cpi/cpi_review_october_2020.pdf,2cc484e5e7288a667564ab5373ccfb39d2de9552e933d40c541724d745c37da3
2019-10,mom,1.8,2020-10,review,2015-16,0,https://www.pbs.gov.pk/sites/default/files/price_statistics/cpi/cpi_review_october_2020.pdf,2cc484e5e7288a667564ab5373ccfb39d2de9552e933d40c541724d745c37da3
2021-10,yoy,9.2,2021-10,review,2015-16,0,https://www.pbs.gov.pk/sites/default/files/price_statistics/cpi/cpi_review_october_2021.pdf,6cc8c04cc56ded276218b4a3958c98c9580c8f8e313d108de82d16a5120a8815
2021-09,yoy,9.0,2021-10,review,2015-16,0,https://www.pbs.gov.pk/sites/default/files/price_statistics/cpi/cpi_review_october_2021.pdf,6cc8c04cc56ded276218b4a3958c98c9580c8f8e313d108de82d16a5120a8815
2020-10,yoy,8.9,2021-10,review,2015-16,0,https://www.pbs.gov.pk/sites/default/files/price_statistics/cpi/cpi_review_october_2021.pdf,6cc8c04cc56ded276218b4a3958c98c9580c8f8e313d108de82d16a5120a8815
2021-10,mom,1.9,2021-10,review,2015-16,0,https://www.pbs.gov.pk/sites/default/files/price_statistics/cpi/cpi_review_october_2021.pdf,6cc8c04cc56ded276218b4a3958c98c9580c8f8e313d108de82d16a5120a8815
2019-09,yoy,11.4,2019-09,review,2015-16,0,https://www.pbs.gov.pk/sites/default/files/price_statistics/cpi/cpi_review_september_2019.pdf,8ecccf1844370cf78688404a059fc6a46ede1fc3a32770006e21b96dd42d821e
2019-08,yoy,10.5,2019-09,review,2015-16,0,https://www.pbs.gov.pk/sites/default/files/price_statistics/cpi/cpi_review_september_2019.pdf,8ecccf1844370cf78688404a059fc6a46ede1fc3a32770006e21b96dd42d821e
2018-09,yoy,5.4,2019-09,review,2015-16,0,https://www.pbs.gov.pk/sites/default/files/price_statistics/cpi/cpi_review_september_2019.pdf,8ecccf1844370cf78688404a059fc6a46ede1fc3a32770006e21b96dd42d821e
2019-09,mom,0.8,2019-09,review,2015-16,0,https://www.pbs.gov.pk/sites/default/files/price_statistics/cpi/cpi_review_september_2019.pdf,8ecccf1844370cf78688404a059fc6a46ede1fc3a32770006e21b96dd42d821e
2020-09,yoy,9.0,2020-09,review,2015-16,0,https://www.pbs.gov.pk/sites/default/files/price_statistics/cpi/cpi_review_september_2020.pdf,e17a6dc95e95258a3632051f2a9849307ca3357866d6b076da2590e887039389
2020-08,yoy,8.2,2020-09,review,2015-16,0,https://www.pbs.gov.pk/sites/default/files/price_statistics/cpi/cpi_review_september_2020.pdf,e17a6dc95e95258a3632051f2a9849307ca3357866d6b076da2590e887039389
2019-09,yoy,11.4,2020-09,review,2015-16,0,https://www.pbs.gov.pk/sites/default/files/price_statistics/cpi/cpi_review_september_2020.pdf,e17a6dc95e95258a3632051f2a9849307ca3357866d6b076da2590e887039389
2020-09,mom,1.5,2020-09,review,2015-16,0,https://www.pbs.gov.pk/sites/default/files/price_statistics/cpi/cpi_review_september_2020.pdf,e17a6dc95e95258a3632051f2a9849307ca3357866d6b076da2590e887039389
2021-09,yoy,9.0,2021-09,review,2015-16,0,https://www.pbs.gov.pk/sites/default/files/price_statistics/cpi/cpi_review_september_2021.pdf,99db542e5b499eb9a4b434ee66a4cef97f604448576be5026255c2f85e58206e
2021-08,yoy,8.4,2021-09,review,2015-16,0,https://www.pbs.gov.pk/sites/default/files/price_statistics/cpi/cpi_review_september_2021.pdf,99db542e5b499eb9a4b434ee66a4cef97f604448576be5026255c2f85e58206e
2020-09,yoy,9.0,2021-09,review,2015-16,0,https://www.pbs.gov.pk/sites/default/files/price_statistics/cpi/cpi_review_september_2021.pdf,99db542e5b499eb9a4b434ee66a4cef97f604448576be5026255c2f85e58206e
2021-09,mom,2.1,2021-09,review,2015-16,0,https://www.pbs.gov.pk/sites/default/files/price_statistics/cpi/cpi_review_september_2021.pdf,99db542e5b499eb9a4b434ee66a4cef97f604448576be5026255c2f85e58206e
2024-05,yoy,11.8,2024-05,review,2015-16,0,https://www.pbs.gov.pk/sites/default/files/price_statistics/cpi/may/Monthly%20Review%20May%2C%202024.pdf,5954c10a96bf448bec77e784cc160a3e59f42391bd878623765ff36ca57affd0
2024-04,yoy,17.3,2024-05,review,2015-16,0,https://www.pbs.gov.pk/sites/default/files/price_statistics/cpi/may/Monthly%20Review%20May%2C%202024.pdf,5954c10a96bf448bec77e784cc160a3e59f42391bd878623765ff36ca57affd0
2023-05,yoy,38.0,2024-05,review,2015-16,0,https://www.pbs.gov.pk/sites/default/files/price_statistics/cpi/may/Monthly%20Review%20May%2C%202024.pdf,5954c10a96bf448bec77e784cc160a3e59f42391bd878623765ff36ca57affd0
2025-09,yoy,5.8,2025-09,review,2015-16,1,https://www.pbs.gov.pk/wp-content/uploads/2020/07/1.-Monthly-Review-September-2025-Revised.docx,fe53498a4ea0515bda4dbc71ba1da11c2a8d8bec1242c60b8537d72362210f52
2025-08,yoy,3.1,2025-09,review,2015-16,1,https://www.pbs.gov.pk/wp-content/uploads/2020/07/1.-Monthly-Review-September-2025-Revised.docx,fe53498a4ea0515bda4dbc71ba1da11c2a8d8bec1242c60b8537d72362210f52
2024-09,yoy,6.9,2025-09,review,2015-16,1,https://www.pbs.gov.pk/wp-content/uploads/2020/07/1.-Monthly-Review-September-2025-Revised.docx,fe53498a4ea0515bda4dbc71ba1da11c2a8d8bec1242c60b8537d72362210f52
2025-09,mom,2.1,2025-09,review,2015-16,1,https://www.pbs.gov.pk/wp-content/uploads/2020/07/1.-Monthly-Review-September-2025-Revised.docx,fe53498a4ea0515bda4dbc71ba1da11c2a8d8bec1242c60b8537d72362210f52
2024-04,yoy,17.3,2024-04,review,2015-16,0,https://www.pbs.gov.pk/wp-content/uploads/2020/07/CPI_Monthly_Review_April_2024.pdf,00aca70c9c79d04460717e23c571f36588ed614b93deee2f173c72454a33cdf2
2024-03,yoy,20.7,2024-04,review,2015-16,0,https://www.pbs.gov.pk/wp-content/uploads/2020/07/CPI_Monthly_Review_April_2024.pdf,00aca70c9c79d04460717e23c571f36588ed614b93deee2f173c72454a33cdf2
2023-04,yoy,36.4,2024-04,review,2015-16,0,https://www.pbs.gov.pk/wp-content/uploads/2020/07/CPI_Monthly_Review_April_2024.pdf,00aca70c9c79d04460717e23c571f36588ed614b93deee2f173c72454a33cdf2
2024-02,yoy,23.1,2024-02,review,2015-16,0,https://www.pbs.gov.pk/wp-content/uploads/2020/07/CPI_Monthly_Review_Febuary_2024.pdf,f510526bb596c950fbaea7c8d50c1bb14825f0cf2772676c9354fe7d7d013d05
2024-01,yoy,28.3,2024-02,review,2015-16,0,https://www.pbs.gov.pk/wp-content/uploads/2020/07/CPI_Monthly_Review_Febuary_2024.pdf,f510526bb596c950fbaea7c8d50c1bb14825f0cf2772676c9354fe7d7d013d05
2023-02,yoy,31.5,2024-02,review,2015-16,0,https://www.pbs.gov.pk/wp-content/uploads/2020/07/CPI_Monthly_Review_Febuary_2024.pdf,f510526bb596c950fbaea7c8d50c1bb14825f0cf2772676c9354fe7d7d013d05
2024-03,yoy,20.7,2024-03,review,2015-16,0,https://www.pbs.gov.pk/wp-content/uploads/2020/07/CPI_Monthly_Review_March_2024.pdf,7b570cbff26f0ee4cf7a8723937aa83be1e08c8d2be2ecad88eaa1d861636c3f
2024-02,yoy,23.1,2024-03,review,2015-16,0,https://www.pbs.gov.pk/wp-content/uploads/2020/07/CPI_Monthly_Review_March_2024.pdf,7b570cbff26f0ee4cf7a8723937aa83be1e08c8d2be2ecad88eaa1d861636c3f
2023-03,yoy,35.4,2024-03,review,2015-16,0,https://www.pbs.gov.pk/wp-content/uploads/2020/07/CPI_Monthly_Review_March_2024.pdf,7b570cbff26f0ee4cf7a8723937aa83be1e08c8d2be2ecad88eaa1d861636c3f
2024-03,mom,1.7,2024-03,review,2015-16,0,https://www.pbs.gov.pk/wp-content/uploads/2020/07/CPI_Monthly_Review_March_2024.pdf,7b570cbff26f0ee4cf7a8723937aa83be1e08c8d2be2ecad88eaa1d861636c3f
2024-09,yoy,6.9,2024-09,review,2015-16,0,https://www.pbs.gov.pk/wp-content/uploads/2020/07/CPI_Monthly_Review_September_2024.pdf,0c9df342cb9d3ba654a40cb880d7acf83d78b88d27a0168e8d063d72915ce2d1
2024-08,yoy,9.6,2024-09,review,2015-16,0,https://www.pbs.gov.pk/wp-content/uploads/2020/07/CPI_Monthly_Review_September_2024.pdf,0c9df342cb9d3ba654a40cb880d7acf83d78b88d27a0168e8d063d72915ce2d1
2023-09,yoy,31.4,2024-09,review,2015-16,0,https://www.pbs.gov.pk/wp-content/uploads/2020/07/CPI_Monthly_Review_September_2024.pdf,0c9df342cb9d3ba654a40cb880d7acf83d78b88d27a0168e8d063d72915ce2d1
2024-09,mom,-0.5,2024-09,review,2015-16,0,https://www.pbs.gov.pk/wp-content/uploads/2020/07/CPI_Monthly_Review_September_2024.pdf,0c9df342cb9d3ba654a40cb880d7acf83d78b88d27a0168e8d063d72915ce2d1
2024-08,mom,0.4,2024-09,review,2015-16,0,https://www.pbs.gov.pk/wp-content/uploads/2020/07/CPI_Monthly_Review_September_2024.pdf,0c9df342cb9d3ba654a40cb880d7acf83d78b88d27a0168e8d063d72915ce2d1
2023-09,mom,2.0,2024-09,review,2015-16,0,https://www.pbs.gov.pk/wp-content/uploads/2020/07/CPI_Monthly_Review_September_2024.pdf,0c9df342cb9d3ba654a40cb880d7acf83d78b88d27a0168e8d063d72915ce2d1
2023-04,yoy,36.4,2023-04,review,2015-16,0,https://www.pbs.gov.pk/wp-content/uploads/2020/07/CPI_Review_April_2023.pdf,73f6210501cd0f251f93ca33b3e53bdedc7afe3bc84d6a32857e845ec7efbcc8
2023-03,yoy,35.4,2023-04,review,2015-16,0,https://www.pbs.gov.pk/wp-content/uploads/2020/07/CPI_Review_April_2023.pdf,73f6210501cd0f251f93ca33b3e53bdedc7afe3bc84d6a32857e845ec7efbcc8
2022-04,yoy,13.4,2023-04,review,2015-16,0,https://www.pbs.gov.pk/wp-content/uploads/2020/07/CPI_Review_April_2023.pdf,73f6210501cd0f251f93ca33b3e53bdedc7afe3bc84d6a32857e845ec7efbcc8
2024-08,yoy,9.6,2024-08,review,2015-16,0,https://www.pbs.gov.pk/wp-content/uploads/2020/07/CPI_Review_August_2024.pdf,cfa658d0ccf5c925ca213a5c9607d2ec3e1d7a634ea932dd89f91d7d57c3728f
2024-07,yoy,11.1,2024-08,review,2015-16,0,https://www.pbs.gov.pk/wp-content/uploads/2020/07/CPI_Review_August_2024.pdf,cfa658d0ccf5c925ca213a5c9607d2ec3e1d7a634ea932dd89f91d7d57c3728f
2023-08,yoy,27.4,2024-08,review,2015-16,0,https://www.pbs.gov.pk/wp-content/uploads/2020/07/CPI_Review_August_2024.pdf,cfa658d0ccf5c925ca213a5c9607d2ec3e1d7a634ea932dd89f91d7d57c3728f
2024-08,mom,0.4,2024-08,review,2015-16,0,https://www.pbs.gov.pk/wp-content/uploads/2020/07/CPI_Review_August_2024.pdf,cfa658d0ccf5c925ca213a5c9607d2ec3e1d7a634ea932dd89f91d7d57c3728f
2024-07,mom,2.1,2024-08,review,2015-16,0,https://www.pbs.gov.pk/wp-content/uploads/2020/07/CPI_Review_August_2024.pdf,cfa658d0ccf5c925ca213a5c9607d2ec3e1d7a634ea932dd89f91d7d57c3728f
2023-08,mom,1.7,2024-08,review,2015-16,0,https://www.pbs.gov.pk/wp-content/uploads/2020/07/CPI_Review_August_2024.pdf,cfa658d0ccf5c925ca213a5c9607d2ec3e1d7a634ea932dd89f91d7d57c3728f
2023-12,yoy,29.7,2023-12,review,2015-16,0,https://www.pbs.gov.pk/wp-content/uploads/2020/07/CPI_Review_December_2023.pdf,312cc9a04da24d7c5b4fc1ca32738d5b435b674afa5877e1647ba26d89c6ba32
2023-11,yoy,29.2,2023-12,review,2015-16,0,https://www.pbs.gov.pk/wp-content/uploads/2020/07/CPI_Review_December_2023.pdf,312cc9a04da24d7c5b4fc1ca32738d5b435b674afa5877e1647ba26d89c6ba32
2022-12,yoy,24.5,2023-12,review,2015-16,0,https://www.pbs.gov.pk/wp-content/uploads/2020/07/CPI_Review_December_2023.pdf,312cc9a04da24d7c5b4fc1ca32738d5b435b674afa5877e1647ba26d89c6ba32
2023-12,mom,0.8,2023-12,review,2015-16,0,https://www.pbs.gov.pk/wp-content/uploads/2020/07/CPI_Review_December_2023.pdf,312cc9a04da24d7c5b4fc1ca32738d5b435b674afa5877e1647ba26d89c6ba32
2023-11,mom,2.7,2023-12,review,2015-16,0,https://www.pbs.gov.pk/wp-content/uploads/2020/07/CPI_Review_December_2023.pdf,312cc9a04da24d7c5b4fc1ca32738d5b435b674afa5877e1647ba26d89c6ba32
2022-12,mom,0.5,2023-12,review,2015-16,0,https://www.pbs.gov.pk/wp-content/uploads/2020/07/CPI_Review_December_2023.pdf,312cc9a04da24d7c5b4fc1ca32738d5b435b674afa5877e1647ba26d89c6ba32
2024-01,yoy,28.3,2024-01,review,2015-16,0,https://www.pbs.gov.pk/wp-content/uploads/2020/07/CPI_Review_January_2024.pdf,d60227f9aec1f13ebeb4e221c80190bb91b70828f2dea01f4dcf93973ef1bab9
2023-12,yoy,29.7,2024-01,review,2015-16,0,https://www.pbs.gov.pk/wp-content/uploads/2020/07/CPI_Review_January_2024.pdf,d60227f9aec1f13ebeb4e221c80190bb91b70828f2dea01f4dcf93973ef1bab9
2023-01,yoy,27.6,2024-01,review,2015-16,0,https://www.pbs.gov.pk/wp-content/uploads/2020/07/CPI_Review_January_2024.pdf,d60227f9aec1f13ebeb4e221c80190bb91b70828f2dea01f4dcf93973ef1bab9
2024-01,mom,1.8,2024-01,review,2015-16,0,https://www.pbs.gov.pk/wp-content/uploads/2020/07/CPI_Review_January_2024.pdf,d60227f9aec1f13ebeb4e221c80190bb91b70828f2dea01f4dcf93973ef1bab9
2023-12,mom,0.8,2024-01,review,2015-16,0,https://www.pbs.gov.pk/wp-content/uploads/2020/07/CPI_Review_January_2024.pdf,d60227f9aec1f13ebeb4e221c80190bb91b70828f2dea01f4dcf93973ef1bab9
2023-01,mom,2.9,2024-01,review,2015-16,0,https://www.pbs.gov.pk/wp-content/uploads/2020/07/CPI_Review_January_2024.pdf,d60227f9aec1f13ebeb4e221c80190bb91b70828f2dea01f4dcf93973ef1bab9
2024-07,yoy,11.1,2024-07,review,2015-16,0,https://www.pbs.gov.pk/wp-content/uploads/2020/07/CPI_Review_July_2024-1.pdf,1cc917f2118d3d9f7a8bc10f33fb96aa10d480f8c772ff3c9dc8cbd281cc6c48
2024-06,yoy,12.6,2024-07,review,2015-16,0,https://www.pbs.gov.pk/wp-content/uploads/2020/07/CPI_Review_July_2024-1.pdf,1cc917f2118d3d9f7a8bc10f33fb96aa10d480f8c772ff3c9dc8cbd281cc6c48
2023-07,yoy,28.3,2024-07,review,2015-16,0,https://www.pbs.gov.pk/wp-content/uploads/2020/07/CPI_Review_July_2024-1.pdf,1cc917f2118d3d9f7a8bc10f33fb96aa10d480f8c772ff3c9dc8cbd281cc6c48
2024-07,mom,2.1,2024-07,review,2015-16,0,https://www.pbs.gov.pk/wp-content/uploads/2020/07/CPI_Review_July_2024-1.pdf,1cc917f2118d3d9f7a8bc10f33fb96aa10d480f8c772ff3c9dc8cbd281cc6c48
2024-06,mom,0.5,2024-07,review,2015-16,0,https://www.pbs.gov.pk/wp-content/uploads/2020/07/CPI_Review_July_2024-1.pdf,1cc917f2118d3d9f7a8bc10f33fb96aa10d480f8c772ff3c9dc8cbd281cc6c48
2023-07,mom,3.5,2024-07,review,2015-16,0,https://www.pbs.gov.pk/wp-content/uploads/2020/07/CPI_Review_July_2024-1.pdf,1cc917f2118d3d9f7a8bc10f33fb96aa10d480f8c772ff3c9dc8cbd281cc6c48
2023-06,yoy,29.4,2023-06,review,2015-16,0,https://www.pbs.gov.pk/wp-content/uploads/2020/07/CPI_Review_June_2023.pdf,458fb8d2842f178adce61fb28ad6a9d6821af83887d0de854bafa25862a94d35
2023-05,yoy,38.0,2023-06,review,2015-16,0,https://www.pbs.gov.pk/wp-content/uploads/2020/07/CPI_Review_June_2023.pdf,458fb8d2842f178adce61fb28ad6a9d6821af83887d0de854bafa25862a94d35
2022-06,yoy,21.3,2023-06,review,2015-16,0,https://www.pbs.gov.pk/wp-content/uploads/2020/07/CPI_Review_June_2023.pdf,458fb8d2842f178adce61fb28ad6a9d6821af83887d0de854bafa25862a94d35
2023-05,mom,1.6,2023-06,review,2015-16,0,https://www.pbs.gov.pk/wp-content/uploads/2020/07/CPI_Review_June_2023.pdf,458fb8d2842f178adce61fb28ad6a9d6821af83887d0de854bafa25862a94d35
2022-06,mom,6.3,2023-06,review,2015-16,0,https://www.pbs.gov.pk/wp-content/uploads/2020/07/CPI_Review_June_2023.pdf,458fb8d2842f178adce61fb28ad6a9d6821af83887d0de854bafa25862a94d35
2024-06,yoy,12.6,2024-06,review,2015-16,0,https://www.pbs.gov.pk/wp-content/uploads/2020/07/CPI_Review_June_2024.pdf,faa5ac3b3a720e51815920c503c0694c5aa3e0b07a355c7c144895264862a022
2024-05,yoy,11.8,2024-06,review,2015-16,0,https://www.pbs.gov.pk/wp-content/uploads/2020/07/CPI_Review_June_2024.pdf,faa5ac3b3a720e51815920c503c0694c5aa3e0b07a355c7c144895264862a022
2023-06,yoy,29.4,2024-06,review,2015-16,0,https://www.pbs.gov.pk/wp-content/uploads/2020/07/CPI_Review_June_2024.pdf,faa5ac3b3a720e51815920c503c0694c5aa3e0b07a355c7c144895264862a022
2024-06,mom,0.5,2024-06,review,2015-16,0,https://www.pbs.gov.pk/wp-content/uploads/2020/07/CPI_Review_June_2024.pdf,faa5ac3b3a720e51815920c503c0694c5aa3e0b07a355c7c144895264862a022
2023-05,yoy,38.0,2023-05,review,2015-16,0,https://www.pbs.gov.pk/wp-content/uploads/2020/07/CPI_Review_May_2023.pdf,e0b4691d27e1e57243554fc292a8ecac6117803925343350faa67f9166a45492
2023-04,yoy,36.4,2023-05,review,2015-16,0,https://www.pbs.gov.pk/wp-content/uploads/2020/07/CPI_Review_May_2023.pdf,e0b4691d27e1e57243554fc292a8ecac6117803925343350faa67f9166a45492
2022-05,yoy,13.8,2023-05,review,2015-16,0,https://www.pbs.gov.pk/wp-content/uploads/2020/07/CPI_Review_May_2023.pdf,e0b4691d27e1e57243554fc292a8ecac6117803925343350faa67f9166a45492
2023-05,mom,1.6,2023-05,review,2015-16,0,https://www.pbs.gov.pk/wp-content/uploads/2020/07/CPI_Review_May_2023.pdf,e0b4691d27e1e57243554fc292a8ecac6117803925343350faa67f9166a45492
2023-04,mom,2.4,2023-05,review,2015-16,0,https://www.pbs.gov.pk/wp-content/uploads/2020/07/CPI_Review_May_2023.pdf,e0b4691d27e1e57243554fc292a8ecac6117803925343350faa67f9166a45492
2022-05,mom,0.4,2023-05,review,2015-16,0,https://www.pbs.gov.pk/wp-content/uploads/2020/07/CPI_Review_May_2023.pdf,e0b4691d27e1e57243554fc292a8ecac6117803925343350faa67f9166a45492
2023-11,yoy,29.2,2023-11,review,2015-16,0,https://www.pbs.gov.pk/wp-content/uploads/2020/07/CPI_Review_November_2023-1.pdf,710587e7052f312dea08305868d730f1da8d6d6729f9364045f87287b99809dc
2023-10,yoy,26.8,2023-11,review,2015-16,0,https://www.pbs.gov.pk/wp-content/uploads/2020/07/CPI_Review_November_2023-1.pdf,710587e7052f312dea08305868d730f1da8d6d6729f9364045f87287b99809dc
2022-11,yoy,23.8,2023-11,review,2015-16,0,https://www.pbs.gov.pk/wp-content/uploads/2020/07/CPI_Review_November_2023-1.pdf,710587e7052f312dea08305868d730f1da8d6d6729f9364045f87287b99809dc
2023-11,mom,2.7,2023-11,review,2015-16,0,https://www.pbs.gov.pk/wp-content/uploads/2020/07/CPI_Review_November_2023-1.pdf,710587e7052f312dea08305868d730f1da8d6d6729f9364045f87287b99809dc
2023-10,mom,1.0,2023-11,review,2015-16,0,https://www.pbs.gov.pk/wp-content/uploads/2020/07/CPI_Review_November_2023-1.pdf,710587e7052f312dea08305868d730f1da8d6d6729f9364045f87287b99809dc
2022-11,mom,0.8,2023-11,review,2015-16,0,https://www.pbs.gov.pk/wp-content/uploads/2020/07/CPI_Review_November_2023-1.pdf,710587e7052f312dea08305868d730f1da8d6d6729f9364045f87287b99809dc
2025-04,yoy,0.3,2025-04,review,2015-16,0,https://www.pbs.gov.pk/wp-content/uploads/2020/07/Monthly-Review-April-2025.pdf,6e674a53d6abef9948061da8a8aaf109a7906f55c39296bd8f8bba98ad9c1c2c
2025-03,yoy,0.7,2025-04,review,2015-16,0,https://www.pbs.gov.pk/wp-content/uploads/2020/07/Monthly-Review-April-2025.pdf,6e674a53d6abef9948061da8a8aaf109a7906f55c39296bd8f8bba98ad9c1c2c
2024-04,yoy,17.3,2025-04,review,2015-16,0,https://www.pbs.gov.pk/wp-content/uploads/2020/07/Monthly-Review-April-2025.pdf,6e674a53d6abef9948061da8a8aaf109a7906f55c39296bd8f8bba98ad9c1c2c
2025-04,mom,-0.8,2025-04,review,2015-16,0,https://www.pbs.gov.pk/wp-content/uploads/2020/07/Monthly-Review-April-2025.pdf,6e674a53d6abef9948061da8a8aaf109a7906f55c39296bd8f8bba98ad9c1c2c
2025-03,mom,0.9,2025-04,review,2015-16,0,https://www.pbs.gov.pk/wp-content/uploads/2020/07/Monthly-Review-April-2025.pdf,6e674a53d6abef9948061da8a8aaf109a7906f55c39296bd8f8bba98ad9c1c2c
2024-04,mom,-0.4,2025-04,review,2015-16,0,https://www.pbs.gov.pk/wp-content/uploads/2020/07/Monthly-Review-April-2025.pdf,6e674a53d6abef9948061da8a8aaf109a7906f55c39296bd8f8bba98ad9c1c2c
2026-04,yoy,10.9,2026-04,review,2015-16,0,https://www.pbs.gov.pk/wp-content/uploads/2020/07/Monthly-Review-April-2026.pdf,af6161a9c18a35e865f742e5641a706b6dfd036e945c3479201ed4a91df06f83
2026-03,yoy,7.3,2026-04,review,2015-16,0,https://www.pbs.gov.pk/wp-content/uploads/2020/07/Monthly-Review-April-2026.pdf,af6161a9c18a35e865f742e5641a706b6dfd036e945c3479201ed4a91df06f83
2025-04,yoy,0.3,2026-04,review,2015-16,0,https://www.pbs.gov.pk/wp-content/uploads/2020/07/Monthly-Review-April-2026.pdf,af6161a9c18a35e865f742e5641a706b6dfd036e945c3479201ed4a91df06f83
2026-04,mom,2.5,2026-04,review,2015-16,0,https://www.pbs.gov.pk/wp-content/uploads/2020/07/Monthly-Review-April-2026.pdf,af6161a9c18a35e865f742e5641a706b6dfd036e945c3479201ed4a91df06f83
2026-03,mom,1.2,2026-04,review,2015-16,0,https://www.pbs.gov.pk/wp-content/uploads/2020/07/Monthly-Review-April-2026.pdf,af6161a9c18a35e865f742e5641a706b6dfd036e945c3479201ed4a91df06f83
2025-04,mom,-0.8,2026-04,review,2015-16,0,https://www.pbs.gov.pk/wp-content/uploads/2020/07/Monthly-Review-April-2026.pdf,af6161a9c18a35e865f742e5641a706b6dfd036e945c3479201ed4a91df06f83
2025-08,yoy,3.0,2025-08,review,2015-16,0,https://www.pbs.gov.pk/wp-content/uploads/2020/07/Monthly-Review-August-2025-1.docx,dc539b5b40be02ca6d264ee2710b90eac3981c9a211e06aba8db1b3361692940
2025-07,yoy,4.1,2025-08,review,2015-16,0,https://www.pbs.gov.pk/wp-content/uploads/2020/07/Monthly-Review-August-2025-1.docx,dc539b5b40be02ca6d264ee2710b90eac3981c9a211e06aba8db1b3361692940
2024-08,yoy,9.6,2025-08,review,2015-16,0,https://www.pbs.gov.pk/wp-content/uploads/2020/07/Monthly-Review-August-2025-1.docx,dc539b5b40be02ca6d264ee2710b90eac3981c9a211e06aba8db1b3361692940
2025-08,mom,-0.6,2025-08,review,2015-16,0,https://www.pbs.gov.pk/wp-content/uploads/2020/07/Monthly-Review-August-2025-1.docx,dc539b5b40be02ca6d264ee2710b90eac3981c9a211e06aba8db1b3361692940
2026-08,yoy,11.1,2026-08,review,2015-16,0,https://www.pbs.gov.pk/wp-content/uploads/2020/07/Monthly-Review-August-2026-1.pdf,7b31134a08e3dba97f02795f388476f3ad6eee6247658db1a35c30348e86bb74
2026-07,yoy,9.2,2026-08,review,2015-16,0,https://www.pbs.gov.pk/wp-content/uploads/2020/07/Monthly-Review-August-2026-1.pdf,7b31134a08e3dba97f02795f388476f3ad6eee6247658db1a35c30348e86bb74
2025-08,yoy,3.1,2026-08,review,2015-16,0,https://www.pbs.gov.pk/wp-content/uploads/2020/07/Monthly-Review-August-2026-1.pdf,7b31134a08e3dba97f02795f388476f3ad6eee6247658db1a35c30348e86bb74
2025-12,yoy,5.6,2025-12,review,2015-16,0,https://www.pbs.gov.pk/wp-content/uploads/2020/07/Monthly-Review-December-2025.docx,e88b8a129de5a149ff59caaa4a9d404015954f639a20615ce13db06dba903b5d
2025-11,yoy,6.1,2025-12,review,2015-16,0,https://www.pbs.gov.pk/wp-content/uploads/2020/07/Monthly-Review-December-2025.docx,e88b8a129de5a149ff59caaa4a9d404015954f639a20615ce13db06dba903b5d
2024-12,yoy,4.1,2025-12,review,2015-16,0,https://www.pbs.gov.pk/wp-content/uploads/2020/07/Monthly-Review-December-2025.docx,e88b8a129de5a149ff59caaa4a9d404015954f639a20615ce13db06dba903b5d
2025-12,mom,-0.4,2025-12,review,2015-16,0,https://www.pbs.gov.pk/wp-content/uploads/2020/07/Monthly-Review-December-2025.docx,e88b8a129de5a149ff59caaa4a9d404015954f639a20615ce13db06dba903b5d
2026-02,yoy,7.0,2026-02,review,2015-16,0,https://www.pbs.gov.pk/wp-content/uploads/2020/07/Monthly-Review-February-2026-1.pdf,65cfe8b3ee2d9728da1a04b424d50aaa9af39dddd141b2e8182ee3ee0d1c74b9
2026-01,yoy,5.8,2026-02,review,2015-16,0,https://www.pbs.gov.pk/wp-content/uploads/2020/07/Monthly-Review-February-2026-1.pdf,65cfe8b3ee2d9728da1a04b424d50aaa9af39dddd141b2e8182ee3ee0d1c74b9
2025-02,yoy,1.5,2026-02,review,2015-16,0,https://www.pbs.gov.pk/wp-content/uploads/2020/07/Monthly-Review-February-2026-1.pdf,65cfe8b3ee2d9728da1a04b424d50aaa9af39dddd141b2e8182ee3ee0d1c74b9
2026-02,mom,0.3,2026-02,review,2015-16,0,https://www.pbs.gov.pk/wp-content/uploads/2020/07/Monthly-Review-February-2026-1.pdf,65cfe8b3ee2d9728da1a04b424d50aaa9af39dddd141b2e8182ee3ee0d1c74b9
2026-01,mom,0.4,2026-02,review,2015-16,0,https://www.pbs.gov.pk/wp-content/uploads/2020/07/Monthly-Review-February-2026-1.pdf,65cfe8b3ee2d9728da1a04b424d50aaa9af39dddd141b2e8182ee3ee0d1c74b9
2025-02,mom,-0.8,2026-02,review,2015-16,0,https://www.pbs.gov.pk/wp-content/uploads/2020/07/Monthly-Review-February-2026-1.pdf,65cfe8b3ee2d9728da1a04b424d50aaa9af39dddd141b2e8182ee3ee0d1c74b9
2026-02,yoy,7.0,2026-02,review,2015-16,0,https://www.pbs.gov.pk/wp-content/uploads/2020/07/Monthly-Review-February-2026.pdf,65cfe8b3ee2d9728da1a04b424d50aaa9af39dddd141b2e8182ee3ee0d1c74b9
2026-01,yoy,5.8,2026-02,review,2015-16,0,https://www.pbs.gov.pk/wp-content/uploads/2020/07/Monthly-Review-February-2026.pdf,65cfe8b3ee2d9728da1a04b424d50aaa9af39dddd141b2e8182ee3ee0d1c74b9
2025-02,yoy,1.5,2026-02,review,2015-16,0,https://www.pbs.gov.pk/wp-content/uploads/2020/07/Monthly-Review-February-2026.pdf,65cfe8b3ee2d9728da1a04b424d50aaa9af39dddd141b2e8182ee3ee0d1c74b9
2026-02,mom,0.3,2026-02,review,2015-16,0,https://www.pbs.gov.pk/wp-content/uploads/2020/07/Monthly-Review-February-2026.pdf,65cfe8b3ee2d9728da1a04b424d50aaa9af39dddd141b2e8182ee3ee0d1c74b9
2026-01,mom,0.4,2026-02,review,2015-16,0,https://www.pbs.gov.pk/wp-content/uploads/2020/07/Monthly-Review-February-2026.pdf,65cfe8b3ee2d9728da1a04b424d50aaa9af39dddd141b2e8182ee3ee0d1c74b9
2025-02,mom,-0.8,2026-02,review,2015-16,0,https://www.pbs.gov.pk/wp-content/uploads/2020/07/Monthly-Review-February-2026.pdf,65cfe8b3ee2d9728da1a04b424d50aaa9af39dddd141b2e8182ee3ee0d1c74b9
2025-01,yoy,2.4,2025-01,review,2015-16,0,https://www.pbs.gov.pk/wp-content/uploads/2020/07/Monthly-Review-January-2025.pdf,fd0ec8eef8b7c2c22e3963b83e8547a310978a69b0946fb7fb19230590cec104
2024-12,yoy,4.1,2025-01,review,2015-16,0,https://www.pbs.gov.pk/wp-content/uploads/2020/07/Monthly-Review-January-2025.pdf,fd0ec8eef8b7c2c22e3963b83e8547a310978a69b0946fb7fb19230590cec104
2024-01,yoy,28.3,2025-01,review,2015-16,0,https://www.pbs.gov.pk/wp-content/uploads/2020/07/Monthly-Review-January-2025.pdf,fd0ec8eef8b7c2c22e3963b83e8547a310978a69b0946fb7fb19230590cec104
2025-01,mom,0.2,2025-01,review,2015-16,0,https://www.pbs.gov.pk/wp-content/uploads/2020/07/Monthly-Review-January-2025.pdf,fd0ec8eef8b7c2c22e3963b83e8547a310978a69b0946fb7fb19230590cec104
2024-12,mom,0.1,2025-01,review,2015-16,0,https://www.pbs.gov.pk/wp-content/uploads/2020/07/Monthly-Review-January-2025.pdf,fd0ec8eef8b7c2c22e3963b83e8547a310978a69b0946fb7fb19230590cec104
2024-01,mom,1.8,2025-01,review,2015-16,0,https://www.pbs.gov.pk/wp-content/uploads/2020/07/Monthly-Review-January-2025.pdf,fd0ec8eef8b7c2c22e3963b83e8547a310978a69b0946fb7fb19230590cec104
2026-01,yoy,5.8,2026-01,review,2015-16,0,https://www.pbs.gov.pk/wp-content/uploads/2020/07/Monthly-Review-January-2026-1.docx,44be162a92219004fa6ed53eb6df3c3e23a029ceeb5c98649793bcd14d44cf89
2025-12,yoy,5.6,2026-01,review,2015-16,0,https://www.pbs.gov.pk/wp-content/uploads/2020/07/Monthly-Review-January-2026-1.docx,44be162a92219004fa6ed53eb6df3c3e23a029ceeb5c98649793bcd14d44cf89
2025-01,yoy,2.4,2026-01,review,2015-16,0,https://www.pbs.gov.pk/wp-content/uploads/2020/07/Monthly-Review-January-2026-1.docx,44be162a92219004fa6ed53eb6df3c3e23a029ceeb5c98649793bcd14d44cf89
2026-01,mom,0.4,2026-01,review,2015-16,0,https://www.pbs.gov.pk/wp-content/uploads/2020/07/Monthly-Review-January-2026-1.docx,44be162a92219004fa6ed53eb6df3c3e23a029ceeb5c98649793bcd14d44cf89
2026-01,yoy,5.8,2026-01,review,2015-16,0,https://www.pbs.gov.pk/wp-content/uploads/2020/07/Monthly-Review-January-2026-1.pdf,8b9dab8d024a4f16ef12eb25c12b4cbc0b745f3a3cce883946113c031d20cad9
2025-12,yoy,5.6,2026-01,review,2015-16,0,https://www.pbs.gov.pk/wp-content/uploads/2020/07/Monthly-Review-January-2026-1.pdf,8b9dab8d024a4f16ef12eb25c12b4cbc0b745f3a3cce883946113c031d20cad9
2025-01,yoy,2.4,2026-01,review,2015-16,0,https://www.pbs.gov.pk/wp-content/uploads/2020/07/Monthly-Review-January-2026-1.pdf,8b9dab8d024a4f16ef12eb25c12b4cbc0b745f3a3cce883946113c031d20cad9
2026-01,mom,0.4,2026-01,review,2015-16,0,https://www.pbs.gov.pk/wp-content/uploads/2020/07/Monthly-Review-January-2026-1.pdf,8b9dab8d024a4f16ef12eb25c12b4cbc0b745f3a3cce883946113c031d20cad9
2025-12,mom,-0.4,2026-01,review,2015-16,0,https://www.pbs.gov.pk/wp-content/uploads/2020/07/Monthly-Review-January-2026-1.pdf,8b9dab8d024a4f16ef12eb25c12b4cbc0b745f3a3cce883946113c031d20cad9
2025-01,mom,0.2,2026-01,review,2015-16,0,https://www.pbs.gov.pk/wp-content/uploads/2020/07/Monthly-Review-January-2026-1.pdf,8b9dab8d024a4f16ef12eb25c12b4cbc0b745f3a3cce883946113c031d20cad9
2025-07,yoy,4.1,2025-07,review,2015-16,0,https://www.pbs.gov.pk/wp-content/uploads/2020/07/Monthly-Review-July-2025.pdf,6009bb8fdba873b37155da253756dc7910777ce0ec87d2715849e38487552a25
2025-06,yoy,3.2,2025-07,review,2015-16,0,https://www.pbs.gov.pk/wp-content/uploads/2020/07/Monthly-Review-July-2025.pdf,6009bb8fdba873b37155da253756dc7910777ce0ec87d2715849e38487552a25
2024-07,yoy,11.1,2025-07,review,2015-16,0,https://www.pbs.gov.pk/wp-content/uploads/2020/07/Monthly-Review-July-2025.pdf,6009bb8fdba873b37155da253756dc7910777ce0ec87d2715849e38487552a25
2025-07,mom,2.9,2025-07,review,2015-16,0,https://www.pbs.gov.pk/wp-content/uploads/2020/07/Monthly-Review-July-2025.pdf,6009bb8fdba873b37155da253756dc7910777ce0ec87d2715849e38487552a25
2025-06,mom,0.2,2025-07,review,2015-16,0,https://www.pbs.gov.pk/wp-content/uploads/2020/07/Monthly-Review-July-2025.pdf,6009bb8fdba873b37155da253756dc7910777ce0ec87d2715849e38487552a25
2024-07,mom,2.1,2025-07,review,2015-16,0,https://www.pbs.gov.pk/wp-content/uploads/2020/07/Monthly-Review-July-2025.pdf,6009bb8fdba873b37155da253756dc7910777ce0ec87d2715849e38487552a25
2026-07,yoy,9.2,2026-07,review,2015-16,0,https://www.pbs.gov.pk/wp-content/uploads/2020/07/Monthly-Review-July-2026.pdf,fe400a3a24c043f8b2159223d9663179de1dceddb0b7c0df12cdfcb38d8ef8cb
2026-06,yoy,11.1,2026-07,review,2015-16,0,https://www.pbs.gov.pk/wp-content/uploads/2020/07/Monthly-Review-July-2026.pdf,fe400a3a24c043f8b2159223d9663179de1dceddb0b7c0df12cdfcb38d8ef8cb
2025-07,yoy,4.1,2026-07,review,2015-16,0,https://www.pbs.gov.pk/wp-content/uploads/2020/07/Monthly-Review-July-2026.pdf,fe400a3a24c043f8b2159223d9663179de1dceddb0b7c0df12cdfcb38d8ef8cb
2026-07,mom,1.2,2026-07,review,2015-16,0,https://www.pbs.gov.pk/wp-content/uploads/2020/07/Monthly-Review-July-2026.pdf,fe400a3a24c043f8b2159223d9663179de1dceddb0b7c0df12cdfcb38d8ef8cb
2026-06,mom,-0.3,2026-07,review,2015-16,0,https://www.pbs.gov.pk/wp-content/uploads/2020/07/Monthly-Review-July-2026.pdf,fe400a3a24c043f8b2159223d9663179de1dceddb0b7c0df12cdfcb38d8ef8cb
2025-07,mom,2.9,2026-07,review,2015-16,0,https://www.pbs.gov.pk/wp-content/uploads/2020/07/Monthly-Review-July-2026.pdf,fe400a3a24c043f8b2159223d9663179de1dceddb0b7c0df12cdfcb38d8ef8cb
2025-06,yoy,3.2,2025-06,review,2015-16,0,https://www.pbs.gov.pk/wp-content/uploads/2020/07/Monthly-Review-June-2025.pdf,b8641e41adb68bb69a4dfa5eb4114430e679ebe9ab17b2c08e7bfd73e477bc92
2025-05,yoy,3.5,2025-06,review,2015-16,0,https://www.pbs.gov.pk/wp-content/uploads/2020/07/Monthly-Review-June-2025.pdf,b8641e41adb68bb69a4dfa5eb4114430e679ebe9ab17b2c08e7bfd73e477bc92
2024-06,yoy,12.6,2025-06,review,2015-16,0,https://www.pbs.gov.pk/wp-content/uploads/2020/07/Monthly-Review-June-2025.pdf,b8641e41adb68bb69a4dfa5eb4114430e679ebe9ab17b2c08e7bfd73e477bc92
2025-06,mom,0.2,2025-06,review,2015-16,0,https://www.pbs.gov.pk/wp-content/uploads/2020/07/Monthly-Review-June-2025.pdf,b8641e41adb68bb69a4dfa5eb4114430e679ebe9ab17b2c08e7bfd73e477bc92
2025-05,mom,-0.2,2025-06,review,2015-16,0,https://www.pbs.gov.pk/wp-content/uploads/2020/07/Monthly-Review-June-2025.pdf,b8641e41adb68bb69a4dfa5eb4114430e679ebe9ab17b2c08e7bfd73e477bc92
2024-06,mom,0.5,2025-06,review,2015-16,0,https://www.pbs.gov.pk/wp-content/uploads/2020/07/Monthly-Review-June-2025.pdf,b8641e41adb68bb69a4dfa5eb4114430e679ebe9ab17b2c08e7bfd73e477bc92
2026-06,yoy,11.1,2026-06,review,2015-16,0,https://www.pbs.gov.pk/wp-content/uploads/2020/07/Monthly-Review-June-2026.pdf,1b0605b116d7c4e79031f709ea032870f764cf8deac62bb6a72e6ddb1c881a87
2026-05,yoy,11.7,2026-06,review,2015-16,0,https://www.pbs.gov.pk/wp-content/uploads/2020/07/Monthly-Review-June-2026.pdf,1b0605b116d7c4e79031f709ea032870f764cf8deac62bb6a72e6ddb1c881a87
2025-06,yoy,3.2,2026-06,review,2015-16,0,https://www.pbs.gov.pk/wp-content/uploads/2020/07/Monthly-Review-June-2026.pdf,1b0605b116d7c4e79031f709ea032870f764cf8deac62bb6a72e6ddb1c881a87
2026-06,mom,-0.3,2026-06,review,2015-16,0,https://www.pbs.gov.pk/wp-content/uploads/2020/07/Monthly-Review-June-2026.pdf,1b0605b116d7c4e79031f709ea032870f764cf8deac62bb6a72e6ddb1c881a87
2026-05,mom,0.5,2026-06,review,2015-16,0,https://www.pbs.gov.pk/wp-content/uploads/2020/07/Monthly-Review-June-2026.pdf,1b0605b116d7c4e79031f709ea032870f764cf8deac62bb6a72e6ddb1c881a87
2025-06,mom,0.2,2026-06,review,2015-16,0,https://www.pbs.gov.pk/wp-content/uploads/2020/07/Monthly-Review-June-2026.pdf,1b0605b116d7c4e79031f709ea032870f764cf8deac62bb6a72e6ddb1c881a87
2026-03,yoy,7.3,2026-03,review,2015-16,0,https://www.pbs.gov.pk/wp-content/uploads/2020/07/Monthly-Review-March-2026.pdf,78b58ffefcc949ea782596caa60418d99ac0e8929406db9169d4fb39927e9a90
2026-02,yoy,7.0,2026-03,review,2015-16,0,https://www.pbs.gov.pk/wp-content/uploads/2020/07/Monthly-Review-March-2026.pdf,78b58ffefcc949ea782596caa60418d99ac0e8929406db9169d4fb39927e9a90
2025-03,yoy,0.7,2026-03,review,2015-16,0,https://www.pbs.gov.pk/wp-content/uploads/2020/07/Monthly-Review-March-2026.pdf,78b58ffefcc949ea782596caa60418d99ac0e8929406db9169d4fb39927e9a90
2026-03,mom,1.2,2026-03,review,2015-16,0,https://www.pbs.gov.pk/wp-content/uploads/2020/07/Monthly-Review-March-2026.pdf,78b58ffefcc949ea782596caa60418d99ac0e8929406db9169d4fb39927e9a90
2026-02,mom,0.3,2026-03,review,2015-16,0,https://www.pbs.gov.pk/wp-content/uploads/2020/07/Monthly-Review-March-2026.pdf,78b58ffefcc949ea782596caa60418d99ac0e8929406db9169d4fb39927e9a90
2025-03,mom,0.9,2026-03,review,2015-16,0,https://www.pbs.gov.pk/wp-content/uploads/2020/07/Monthly-Review-March-2026.pdf,78b58ffefcc949ea782596caa60418d99ac0e8929406db9169d4fb39927e9a90
2024-05,yoy,11.8,2024-05,review,2015-16,0,https://www.pbs.gov.pk/wp-content/uploads/2020/07/Monthly-Review-May-2024.pdf,5954c10a96bf448bec77e784cc160a3e59f42391bd878623765ff36ca57affd0
2024-04,yoy,17.3,2024-05,review,2015-16,0,https://www.pbs.gov.pk/wp-content/uploads/2020/07/Monthly-Review-May-2024.pdf,5954c10a96bf448bec77e784cc160a3e59f42391bd878623765ff36ca57affd0
2023-05,yoy,38.0,2024-05,review,2015-16,0,https://www.pbs.gov.pk/wp-content/uploads/2020/07/Monthly-Review-May-2024.pdf,5954c10a96bf448bec77e784cc160a3e59f42391bd878623765ff36ca57affd0
2025-05,yoy,3.5,2025-05,review,2015-16,0,https://www.pbs.gov.pk/wp-content/uploads/2020/07/Monthly-Review-May-2025.pdf,9537b398a37bb33a47de953c977e3fe4765d7e385e4f357375d8c1dc5a313d16
2025-04,yoy,0.3,2025-05,review,2015-16,0,https://www.pbs.gov.pk/wp-content/uploads/2020/07/Monthly-Review-May-2025.pdf,9537b398a37bb33a47de953c977e3fe4765d7e385e4f357375d8c1dc5a313d16
2024-05,yoy,11.8,2025-05,review,2015-16,0,https://www.pbs.gov.pk/wp-content/uploads/2020/07/Monthly-Review-May-2025.pdf,9537b398a37bb33a47de953c977e3fe4765d7e385e4f357375d8c1dc5a313d16
2025-05,mom,-0.2,2025-05,review,2015-16,0,https://www.pbs.gov.pk/wp-content/uploads/2020/07/Monthly-Review-May-2025.pdf,9537b398a37bb33a47de953c977e3fe4765d7e385e4f357375d8c1dc5a313d16
2025-04,mom,-0.8,2025-05,review,2015-16,0,https://www.pbs.gov.pk/wp-content/uploads/2020/07/Monthly-Review-May-2025.pdf,9537b398a37bb33a47de953c977e3fe4765d7e385e4f357375d8c1dc5a313d16
2024-05,mom,-3.2,2025-05,review,2015-16,0,https://www.pbs.gov.pk/wp-content/uploads/2020/07/Monthly-Review-May-2025.pdf,9537b398a37bb33a47de953c977e3fe4765d7e385e4f357375d8c1dc5a313d16
2026-05,yoy,11.7,2026-05,review,2015-16,0,https://www.pbs.gov.pk/wp-content/uploads/2020/07/Monthly-Review-May-2026.pdf,ca7fc8432fc0ad5aa3375c14a56d3869d47124cc229d3ed6ad4327c9b8d358fc
2026-04,yoy,10.9,2026-05,review,2015-16,0,https://www.pbs.gov.pk/wp-content/uploads/2020/07/Monthly-Review-May-2026.pdf,ca7fc8432fc0ad5aa3375c14a56d3869d47124cc229d3ed6ad4327c9b8d358fc
2025-05,yoy,3.5,2026-05,review,2015-16,0,https://www.pbs.gov.pk/wp-content/uploads/2020/07/Monthly-Review-May-2026.pdf,ca7fc8432fc0ad5aa3375c14a56d3869d47124cc229d3ed6ad4327c9b8d358fc
2026-05,mom,0.5,2026-05,review,2015-16,0,https://www.pbs.gov.pk/wp-content/uploads/2020/07/Monthly-Review-May-2026.pdf,ca7fc8432fc0ad5aa3375c14a56d3869d47124cc229d3ed6ad4327c9b8d358fc
2026-04,mom,2.5,2026-05,review,2015-16,0,https://www.pbs.gov.pk/wp-content/uploads/2020/07/Monthly-Review-May-2026.pdf,ca7fc8432fc0ad5aa3375c14a56d3869d47124cc229d3ed6ad4327c9b8d358fc
2025-05,mom,-0.2,2026-05,review,2015-16,0,https://www.pbs.gov.pk/wp-content/uploads/2020/07/Monthly-Review-May-2026.pdf,ca7fc8432fc0ad5aa3375c14a56d3869d47124cc229d3ed6ad4327c9b8d358fc
2025-11,yoy,6.1,2025-11,review,2015-16,0,https://www.pbs.gov.pk/wp-content/uploads/2020/07/Monthly-Review-November-2025.docx,c8b664a34721a6a57b21b242b2a14e4c95e9981ba36aa7ec2f5376c5cf97260c
2025-10,yoy,6.2,2025-11,review,2015-16,0,https://www.pbs.gov.pk/wp-content/uploads/2020/07/Monthly-Review-November-2025.docx,c8b664a34721a6a57b21b242b2a14e4c95e9981ba36aa7ec2f5376c5cf97260c
2024-11,yoy,4.9,2025-11,review,2015-16,0,https://www.pbs.gov.pk/wp-content/uploads/2020/07/Monthly-Review-November-2025.docx,c8b664a34721a6a57b21b242b2a14e4c95e9981ba36aa7ec2f5376c5cf97260c
2025-11,mom,0.4,2025-11,review,2015-16,0,https://www.pbs.gov.pk/wp-content/uploads/2020/07/Monthly-Review-November-2025.docx,c8b664a34721a6a57b21b242b2a14e4c95e9981ba36aa7ec2f5376c5cf97260c
2025-10,yoy,6.2,2025-10,review,2015-16,0,https://www.pbs.gov.pk/wp-content/uploads/2020/07/Monthly-Review-October-2025.docx,b5230dc2460bfa57059c86d51da23ac986b096a3ac0489ba2f62380aa65d3a7d
2025-09,yoy,5.6,2025-10,review,2015-16,0,https://www.pbs.gov.pk/wp-content/uploads/2020/07/Monthly-Review-October-2025.docx,b5230dc2460bfa57059c86d51da23ac986b096a3ac0489ba2f62380aa65d3a7d
2024-10,yoy,7.2,2025-10,review,2015-16,0,https://www.pbs.gov.pk/wp-content/uploads/2020/07/Monthly-Review-October-2025.docx,b5230dc2460bfa57059c86d51da23ac986b096a3ac0489ba2f62380aa65d3a7d
2025-10,mom,1.8,2025-10,review,2015-16,0,https://www.pbs.gov.pk/wp-content/uploads/2020/07/Monthly-Review-October-2025.docx,b5230dc2460bfa57059c86d51da23ac986b096a3ac0489ba2f62380aa65d3a7d
2025-09,yoy,5.6,2025-09,review,2015-16,0,https://www.pbs.gov.pk/wp-content/uploads/2020/07/Monthly-Review-September-2025-1.docx,30167efd32a2025413eada3dce3975a727d84a4b71ba5130e60dc3096788100b
2025-08,yoy,3.0,2025-09,review,2015-16,0,https://www.pbs.gov.pk/wp-content/uploads/2020/07/Monthly-Review-September-2025-1.docx,30167efd32a2025413eada3dce3975a727d84a4b71ba5130e60dc3096788100b
2024-09,yoy,6.9,2025-09,review,2015-16,0,https://www.pbs.gov.pk/wp-content/uploads/2020/07/Monthly-Review-September-2025-1.docx,30167efd32a2025413eada3dce3975a727d84a4b71ba5130e60dc3096788100b
2025-09,mom,2.0,2025-09,review,2015-16,0,https://www.pbs.gov.pk/wp-content/uploads/2020/07/Monthly-Review-September-2025-1.docx,30167efd32a2025413eada3dce3975a727d84a4b71ba5130e60dc3096788100b
2025-09,yoy,5.6,2025-09,review,2015-16,0,https://www.pbs.gov.pk/wp-content/uploads/2020/07/Monthly-Review-September-2025.docx,30167efd32a2025413eada3dce3975a727d84a4b71ba5130e60dc3096788100b
2025-08,yoy,3.0,2025-09,review,2015-16,0,https://www.pbs.gov.pk/wp-content/uploads/2020/07/Monthly-Review-September-2025.docx,30167efd32a2025413eada3dce3975a727d84a4b71ba5130e60dc3096788100b
2024-09,yoy,6.9,2025-09,review,2015-16,0,https://www.pbs.gov.pk/wp-content/uploads/2020/07/Monthly-Review-September-2025.docx,30167efd32a2025413eada3dce3975a727d84a4b71ba5130e60dc3096788100b
2025-09,mom,2.0,2025-09,review,2015-16,0,https://www.pbs.gov.pk/wp-content/uploads/2020/07/Monthly-Review-September-2025.docx,30167efd32a2025413eada3dce3975a727d84a4b71ba5130e60dc3096788100b
2023-08,yoy,27.4,2023-08,review,2015-16,0,https://www.pbs.gov.pk/wp-content/uploads/2020/07/Monthly_Review_August_2023.pdf,137c3b515a57a67167b7e47a92f222ddd2a51290e791c544607349812bf3fd20
2023-07,yoy,28.3,2023-08,review,2015-16,0,https://www.pbs.gov.pk/wp-content/uploads/2020/07/Monthly_Review_August_2023.pdf,137c3b515a57a67167b7e47a92f222ddd2a51290e791c544607349812bf3fd20
2022-08,yoy,27.3,2023-08,review,2015-16,0,https://www.pbs.gov.pk/wp-content/uploads/2020/07/Monthly_Review_August_2023.pdf,137c3b515a57a67167b7e47a92f222ddd2a51290e791c544607349812bf3fd20
2023-08,mom,1.7,2023-08,review,2015-16,0,https://www.pbs.gov.pk/wp-content/uploads/2020/07/Monthly_Review_August_2023.pdf,137c3b515a57a67167b7e47a92f222ddd2a51290e791c544607349812bf3fd20
2023-07,mom,3.5,2023-08,review,2015-16,0,https://www.pbs.gov.pk/wp-content/uploads/2020/07/Monthly_Review_August_2023.pdf,137c3b515a57a67167b7e47a92f222ddd2a51290e791c544607349812bf3fd20
2022-08,mom,2.4,2023-08,review,2015-16,0,https://www.pbs.gov.pk/wp-content/uploads/2020/07/Monthly_Review_August_2023.pdf,137c3b515a57a67167b7e47a92f222ddd2a51290e791c544607349812bf3fd20
2024-12,yoy,4.1,2024-12,review,2015-16,0,https://www.pbs.gov.pk/wp-content/uploads/2020/07/Monthly_Review_December_2024.pdf,35541f72b822c14d6ede6374a11e46970a1b73e549b486e3ee4097267b1719f8
2024-11,yoy,4.9,2024-12,review,2015-16,0,https://www.pbs.gov.pk/wp-content/uploads/2020/07/Monthly_Review_December_2024.pdf,35541f72b822c14d6ede6374a11e46970a1b73e549b486e3ee4097267b1719f8
2023-12,yoy,29.7,2024-12,review,2015-16,0,https://www.pbs.gov.pk/wp-content/uploads/2020/07/Monthly_Review_December_2024.pdf,35541f72b822c14d6ede6374a11e46970a1b73e549b486e3ee4097267b1719f8
2024-12,mom,0.1,2024-12,review,2015-16,0,https://www.pbs.gov.pk/wp-content/uploads/2020/07/Monthly_Review_December_2024.pdf,35541f72b822c14d6ede6374a11e46970a1b73e549b486e3ee4097267b1719f8
2024-11,mom,0.5,2024-12,review,2015-16,0,https://www.pbs.gov.pk/wp-content/uploads/2020/07/Monthly_Review_December_2024.pdf,35541f72b822c14d6ede6374a11e46970a1b73e549b486e3ee4097267b1719f8
2023-12,mom,0.8,2024-12,review,2015-16,0,https://www.pbs.gov.pk/wp-content/uploads/2020/07/Monthly_Review_December_2024.pdf,35541f72b822c14d6ede6374a11e46970a1b73e549b486e3ee4097267b1719f8
2025-02,yoy,1.5,2025-02,review,2015-16,0,https://www.pbs.gov.pk/wp-content/uploads/2020/07/Monthly_Review_February_2025.pdf,45b5d85c298ee9105fa6fb0ebf9903ace1631e7e82d043d2e949df0a2b84b4a9
2025-01,yoy,2.4,2025-02,review,2015-16,0,https://www.pbs.gov.pk/wp-content/uploads/2020/07/Monthly_Review_February_2025.pdf,45b5d85c298ee9105fa6fb0ebf9903ace1631e7e82d043d2e949df0a2b84b4a9
2024-02,yoy,23.1,2025-02,review,2015-16,0,https://www.pbs.gov.pk/wp-content/uploads/2020/07/Monthly_Review_February_2025.pdf,45b5d85c298ee9105fa6fb0ebf9903ace1631e7e82d043d2e949df0a2b84b4a9
2025-02,mom,-0.8,2025-02,review,2015-16,0,https://www.pbs.gov.pk/wp-content/uploads/2020/07/Monthly_Review_February_2025.pdf,45b5d85c298ee9105fa6fb0ebf9903ace1631e7e82d043d2e949df0a2b84b4a9
2023-07,yoy,28.3,2023-07,review,2015-16,0,https://www.pbs.gov.pk/wp-content/uploads/2020/07/Monthly_Review_July_2023.pdf,fa7dd7a3ab32c3c489c5b75adc2cab0c509f27fe6cfdd9198b60f4d102965676
2023-07,mom,3.5,2023-07,review,2015-16,0,https://www.pbs.gov.pk/wp-content/uploads/2020/07/Monthly_Review_July_2023.pdf,fa7dd7a3ab32c3c489c5b75adc2cab0c509f27fe6cfdd9198b60f4d102965676
2023-06,mom,-0.3,2023-07,review,2015-16,0,https://www.pbs.gov.pk/wp-content/uploads/2020/07/Monthly_Review_July_2023.pdf,fa7dd7a3ab32c3c489c5b75adc2cab0c509f27fe6cfdd9198b60f4d102965676
2022-07,mom,4.3,2023-07,review,2015-16,0,https://www.pbs.gov.pk/wp-content/uploads/2020/07/Monthly_Review_July_2023.pdf,fa7dd7a3ab32c3c489c5b75adc2cab0c509f27fe6cfdd9198b60f4d102965676
2025-03,yoy,0.7,2025-03,review,2015-16,0,https://www.pbs.gov.pk/wp-content/uploads/2020/07/Monthly_Review_March_2025.pdf,3045fefe63f3bc4a57a0847e4ae08dfadf310e16a7f9698c15e5bb9ad89124b0
2025-02,yoy,1.5,2025-03,review,2015-16,0,https://www.pbs.gov.pk/wp-content/uploads/2020/07/Monthly_Review_March_2025.pdf,3045fefe63f3bc4a57a0847e4ae08dfadf310e16a7f9698c15e5bb9ad89124b0
2024-03,yoy,20.7,2025-03,review,2015-16,0,https://www.pbs.gov.pk/wp-content/uploads/2020/07/Monthly_Review_March_2025.pdf,3045fefe63f3bc4a57a0847e4ae08dfadf310e16a7f9698c15e5bb9ad89124b0
2025-03,mom,0.9,2025-03,review,2015-16,0,https://www.pbs.gov.pk/wp-content/uploads/2020/07/Monthly_Review_March_2025.pdf,3045fefe63f3bc4a57a0847e4ae08dfadf310e16a7f9698c15e5bb9ad89124b0
2025-02,mom,-0.8,2025-03,review,2015-16,0,https://www.pbs.gov.pk/wp-content/uploads/2020/07/Monthly_Review_March_2025.pdf,3045fefe63f3bc4a57a0847e4ae08dfadf310e16a7f9698c15e5bb9ad89124b0
2024-03,mom,1.7,2025-03,review,2015-16,0,https://www.pbs.gov.pk/wp-content/uploads/2020/07/Monthly_Review_March_2025.pdf,3045fefe63f3bc4a57a0847e4ae08dfadf310e16a7f9698c15e5bb9ad89124b0
2024-11,yoy,4.9,2024-11,review,2015-16,0,https://www.pbs.gov.pk/wp-content/uploads/2020/07/Monthly_Review_November_2024.pdf,fc39a09b51df6897a140902868f0125d5f3b4951cac4c95728489060d3d8d223
2024-10,yoy,7.2,2024-11,review,2015-16,0,https://www.pbs.gov.pk/wp-content/uploads/2020/07/Monthly_Review_November_2024.pdf,fc39a09b51df6897a140902868f0125d5f3b4951cac4c95728489060d3d8d223
2023-11,yoy,29.2,2024-11,review,2015-16,0,https://www.pbs.gov.pk/wp-content/uploads/2020/07/Monthly_Review_November_2024.pdf,fc39a09b51df6897a140902868f0125d5f3b4951cac4c95728489060d3d8d223
2024-11,mom,0.5,2024-11,review,2015-16,0,https://www.pbs.gov.pk/wp-content/uploads/2020/07/Monthly_Review_November_2024.pdf,fc39a09b51df6897a140902868f0125d5f3b4951cac4c95728489060d3d8d223
2024-10,mom,1.2,2024-11,review,2015-16,0,https://www.pbs.gov.pk/wp-content/uploads/2020/07/Monthly_Review_November_2024.pdf,fc39a09b51df6897a140902868f0125d5f3b4951cac4c95728489060d3d8d223
2023-11,mom,2.7,2024-11,review,2015-16,0,https://www.pbs.gov.pk/wp-content/uploads/2020/07/Monthly_Review_November_2024.pdf,fc39a09b51df6897a140902868f0125d5f3b4951cac4c95728489060d3d8d223
2023-10,yoy,26.9,2023-10,review,2015-16,0,https://www.pbs.gov.pk/wp-content/uploads/2020/07/Monthly_Review_October_2023.pdf,9e9b31133ea250d402181016b9add970fcfb3f03b405d0600bc54bff9089f299
2023-09,yoy,31.4,2023-10,review,2015-16,0,https://www.pbs.gov.pk/wp-content/uploads/2020/07/Monthly_Review_October_2023.pdf,9e9b31133ea250d402181016b9add970fcfb3f03b405d0600bc54bff9089f299
2022-10,yoy,26.6,2023-10,review,2015-16,0,https://www.pbs.gov.pk/wp-content/uploads/2020/07/Monthly_Review_October_2023.pdf,9e9b31133ea250d402181016b9add970fcfb3f03b405d0600bc54bff9089f299
2023-10,mom,1.1,2023-10,review,2015-16,0,https://www.pbs.gov.pk/wp-content/uploads/2020/07/Monthly_Review_October_2023.pdf,9e9b31133ea250d402181016b9add970fcfb3f03b405d0600bc54bff9089f299
2023-09,mom,2.0,2023-10,review,2015-16,0,https://www.pbs.gov.pk/wp-content/uploads/2020/07/Monthly_Review_October_2023.pdf,9e9b31133ea250d402181016b9add970fcfb3f03b405d0600bc54bff9089f299
2022-10,mom,4.7,2023-10,review,2015-16,0,https://www.pbs.gov.pk/wp-content/uploads/2020/07/Monthly_Review_October_2023.pdf,9e9b31133ea250d402181016b9add970fcfb3f03b405d0600bc54bff9089f299
2024-10,yoy,7.2,2024-10,review,2015-16,0,https://www.pbs.gov.pk/wp-content/uploads/2020/07/Monthly_Review_October_2024.pdf,cda140358c992b1eb933629a24fca3bc0aaa071b896eb686bc86bc8e8278c17e
2024-09,yoy,6.9,2024-10,review,2015-16,0,https://www.pbs.gov.pk/wp-content/uploads/2020/07/Monthly_Review_October_2024.pdf,cda140358c992b1eb933629a24fca3bc0aaa071b896eb686bc86bc8e8278c17e
2023-10,yoy,26.8,2024-10,review,2015-16,0,https://www.pbs.gov.pk/wp-content/uploads/2020/07/Monthly_Review_October_2024.pdf,cda140358c992b1eb933629a24fca3bc0aaa071b896eb686bc86bc8e8278c17e
2024-10,mom,1.2,2024-10,review,2015-16,0,https://www.pbs.gov.pk/wp-content/uploads/2020/07/Monthly_Review_October_2024.pdf,cda140358c992b1eb933629a24fca3bc0aaa071b896eb686bc86bc8e8278c17e
2024-09,mom,-0.5,2024-10,review,2015-16,0,https://www.pbs.gov.pk/wp-content/uploads/2020/07/Monthly_Review_October_2024.pdf,cda140358c992b1eb933629a24fca3bc0aaa071b896eb686bc86bc8e8278c17e
2023-10,mom,1.0,2024-10,review,2015-16,0,https://www.pbs.gov.pk/wp-content/uploads/2020/07/Monthly_Review_October_2024.pdf,cda140358c992b1eb933629a24fca3bc0aaa071b896eb686bc86bc8e8278c17e
2023-09,yoy,31.4,2023-09,review,2015-16,0,https://www.pbs.gov.pk/wp-content/uploads/2020/07/Monthly_Review_September_2023.pdf,9b729aed7d014da5f1b7e5faa49b9074b1d51750095264e14195fb4c979b9fd5
2023-09,mom,2.0,2023-09,review,2015-16,0,https://www.pbs.gov.pk/wp-content/uploads/2020/07/Monthly_Review_September_2023.pdf,9b729aed7d014da5f1b7e5faa49b9074b1d51750095264e14195fb4c979b9fd5
2023-08,mom,1.7,2023-09,review,2015-16,0,https://www.pbs.gov.pk/wp-content/uploads/2020/07/Monthly_Review_September_2023.pdf,9b729aed7d014da5f1b7e5faa49b9074b1d51750095264e14195fb4c979b9fd5
2022-09,mom,-1.2,2023-09,review,2015-16,0,https://www.pbs.gov.pk/wp-content/uploads/2020/07/Monthly_Review_September_2023.pdf,9b729aed7d014da5f1b7e5faa49b9074b1d51750095264e14195fb4c979b9fd5
2025-08,yoy,3.1,2025-08,review,2015-16,1,https://www.pbs.gov.pk/wp-content/uploads/2020/07/Revised-Monthly-Review-August-2025.docx,f24dbfd95485e2b060c6e5fbef3e66b5860712fec40b22c2b2e65027a7c50434
2025-07,yoy,4.1,2025-08,review,2015-16,1,https://www.pbs.gov.pk/wp-content/uploads/2020/07/Revised-Monthly-Review-August-2025.docx,f24dbfd95485e2b060c6e5fbef3e66b5860712fec40b22c2b2e65027a7c50434
2024-08,yoy,9.6,2025-08,review,2015-16,1,https://www.pbs.gov.pk/wp-content/uploads/2020/07/Revised-Monthly-Review-August-2025.docx,f24dbfd95485e2b060c6e5fbef3e66b5860712fec40b22c2b2e65027a7c50434
2025-08,mom,-0.6,2025-08,review,2015-16,1,https://www.pbs.gov.pk/wp-content/uploads/2020/07/Revised-Monthly-Review-August-2025.docx,f24dbfd95485e2b060c6e5fbef3e66b5860712fec40b22c2b2e65027a7c50434
2019-06,mom,0.36,2019-06,press_release,2007-08,0,https://www.pbs.gov.pk:80/sites/default/files/press_releases/2019/cpi_press_release_june_2019.pdf,ec24fcbd06f4559c6bf0edd49ceaf32cebe841b54baf89a09c91e830f072cdce
2019-06,yoy,8.89,2019-06,press_release,2007-08,0,https://www.pbs.gov.pk:80/sites/default/files/press_releases/2019/cpi_press_release_june_2019.pdf,ec24fcbd06f4559c6bf0edd49ceaf32cebe841b54baf89a09c91e830f072cdce
2020-08,mom,0.63,2020-08,press_release,2015-16,0,http://www.pbs.gov.pk/sites/default/files/press_releases/2020/Press%20Release%20August%202020.pdf,7761759b36835b7d3fa84de8ca2c207c948da46a73d3084aea2c7b978f6cad8b
2020-08,yoy,8.21,2020-08,press_release,2015-16,0,http://www.pbs.gov.pk/sites/default/files/press_releases/2020/Press%20Release%20August%202020.pdf,7761759b36835b7d3fa84de8ca2c207c948da46a73d3084aea2c7b978f6cad8b
2020-08,mom,0.63,2020-08,press_release,2015-16,0,https://www.pbs.gov.pk/sites/default/files/2022-04/Press_release_inflation-rate_%20august_2020.pdf,7761759b36835b7d3fa84de8ca2c207c948da46a73d3084aea2c7b978f6cad8b
2020-08,yoy,8.21,2020-08,press_release,2015-16,0,https://www.pbs.gov.pk/sites/default/files/2022-04/Press_release_inflation-rate_%20august_2020.pdf,7761759b36835b7d3fa84de8ca2c207c948da46a73d3084aea2c7b978f6cad8b
